player id,position,team,average points,arima for gw7,select percentage,ict index,top players select %,win,draw,lose,Column1,gw7 points
5,DEF,1,0.166666667,0,0.183098077,0,0,2.34,3.31,3.29,,0
8,DEF,1,0.166666667,0,0.122275419,0,0.000125031,2.34,3.31,3.29,,0
9,DEF,1,0,0,0.2727152,0,0.000125031,2.34,3.31,3.29,,0
10,DEF,1,0.166666667,0,0.223793144,0,0.000375094,2.34,3.31,3.29,,0
11,DEF,1,-0.166666667,1,0.094467718,0,0,2.34,3.31,3.29,,0
14,DEF,1,0,0,0.707794562,0,0.000250063,2.34,3.31,3.29,,0
16,DEF,1,2.833333333,1,6.693702394,1.1,0.104151038,2.34,3.31,3.29,,6
23,DEF,1,2.833333333,1,0.535479547,2.3,0.000875219,2.34,3.31,3.29,,6
24,DEF,1,0,0,0.000677657,0,0,2.34,3.31,3.29,,0
27,DEF,1,0,0,0.002651183,0,0,2.34,3.31,3.29,,0
31,DEF,2,0,0,0.00055877,0,0,3.74,3.44,2.1,,0
36,DEF,2,2.666666667,1,0.322243581,1.6,0.000250063,3.74,3.44,2.1,,1
38,DEF,2,4.666666667,0,7.533473565,2.8,0.007251813,3.74,3.44,2.1,,1
39,DEF,2,2.333333333,1,2.787308893,8.2,0.002125531,3.74,3.44,2.1,,2
44,DEF,2,4.833333333,0,3.627056287,3.5,0.009377344,3.74,3.44,2.1,,1
45,DEF,2,3.666666667,1,0.726840281,4,0.000500125,3.74,3.44,2.1,,1
46,DEF,2,0,0,0.017084081,0,0,3.74,3.44,2.1,,0
52,DEF,2,1.666666667,0,0.631552242,0,0.000375094,3.74,3.44,2.1,,0
56,DEF,4,4.833333333,0,22.82145566,2.1,0.404851213,3.29,3.31,2.34,,6
58,DEF,4,0.333333333,1,0.032289746,3.8,0,3.29,3.31,2.34,,6
59,DEF,4,3.5,1,4.200294388,5.6,0.020130033,3.29,3.31,2.34,,8
61,DEF,4,1.5,0,0.251042075,0,0.000750188,3.29,3.31,2.34,,0
62,DEF,4,2.5,1,1.300946258,2.2,0.061265316,3.29,3.31,2.34,,5
67,DEF,1,2.5,1,11.95814364,4.3,0.308327082,2.34,3.31,3.29,,7
68,DEF,4,0,0,0.007252115,0,0,3.29,3.31,2.34,,0
71,DEF,4,0,0,0.363533083,0,0.000500125,3.29,3.31,2.34,,0
76,DEF,3,5.5,0,8.077275211,3.1,0.006751688,4.88,3.72,1.78,,5
83,DEF,3,3.666666667,0,1.056526196,4.7,0.002500625,4.88,3.72,1.78,,2
87,DEF,3,0,0,2.063987672,0,0.003125781,4.88,3.72,1.78,,0
89,DEF,3,0.333333333,0,0.052048788,0,0,4.88,3.72,1.78,,0
90,DEF,3,0.166666667,0,0.048743726,0,0,4.88,3.72,1.78,,0
91,DEF,3,6,0,5.908405309,5.4,0.004751188,4.88,3.72,1.78,,2
98,DEF,5,2,1,1.437238471,3,0.004876219,1.97,3.58,4.05,,5
99,DEF,5,0,0,0.67491038,0,0.000750188,1.97,3.58,4.05,,0
100,DEF,5,0.166666667,0,0.11283578,0,0.000125031,1.97,3.58,4.05,,0
103,DEF,5,0,0,0.094182389,0,0,1.97,3.58,4.05,,0
106,DEF,5,2.166666667,0,1.124981409,0,0.00500125,1.97,3.58,4.05,,0
110,DEF,5,2,1,1.731008583,3.4,0.010002501,1.97,3.58,4.05,,5
113,DEF,5,1.333333333,1,0.414678329,6.8,0.003250813,1.97,3.58,4.05,,9
119,DEF,6,4.333333333,1,5.116997425,7.1,0.239309827,1.43,4.74,8.13,,10
121,DEF,6,4,0,4.052446347,3.2,0.005501375,1.43,4.74,8.13,,1
122,DEF,6,6.5,0,26.63939713,0,0.214178545,1.43,4.74,8.13,,0
127,DEF,6,5.666666667,0,20.35585535,4.4,0.504126032,1.43,4.74,8.13,,2
128,DEF,19,0.5,1,1.227581007,1.9,0.000375094,1.78,3.72,4.88,,0
133,DEF,6,3.666666667,0,3.965967844,0,0.062890723,1.43,4.74,8.13,,0
135,DEF,6,0,1,3.482620306,15.7,0.024756189,1.43,4.74,8.13,,8
139,DEF,6,0,0,0.050348702,0,0,1.43,4.74,8.13,,0
142,DEF,6,3.5,0,5.291713959,0,0.016754189,1.43,4.74,8.13,,0
147,DEF,7,0,0,0.100471518,0,0,2.84,3.29,2.65,,0
150,DEF,7,2.833333333,0,0.81039416,0,0.000375094,2.84,3.29,2.65,,0
151,DEF,7,0,0,0.938185942,0,0.001500375,2.84,3.29,2.65,,0
158,DEF,7,0,0,0.040183852,0,0,2.84,3.29,2.65,,0
161,DEF,7,0,0,0.004363158,0,0,2.84,3.29,2.65,,0
162,DEF,7,2.833333333,0,0.705333598,4.2,0.001250313,2.84,3.29,2.65,,1
165,DEF,8,2.333333333,0,0.423951525,0,0.000500125,6.69,4.24,1.55,,0
168,DEF,8,2.333333333,1,8.594553138,4.8,0.019754939,6.69,4.24,1.55,,2
169,DEF,8,4.5,1,2.866285618,1.5,0.006251563,6.69,4.24,1.55,,2
175,DEF,8,1.666666667,1,0.467416662,1.8,0.000375094,6.69,4.24,1.55,,2
178,DEF,8,1.333333333,0,0.636248283,0,0.000625156,6.69,4.24,1.55,,0
179,DEF,8,1.333333333,1,0.531603827,3.6,0.000375094,6.69,4.24,1.55,,2
184,DEF,10,1.166666667,1,0.440215286,1.9,0.000750188,1.76,3.95,4.7,,7
185,DEF,10,2,0,7.230263814,0,0.142035509,1.76,3.95,4.7,,0
190,DEF,10,0.333333333,1,0.082293675,7.7,0.000125031,1.76,3.95,4.7,,15
194,DEF,10,0,0,0.119707457,0,0,1.76,3.95,4.7,,0
198,DEF,10,-0.166666667,1,0.204343209,0,0.000125031,1.76,3.95,4.7,,1
201,DEF,9,0.166666667,0,0.136815316,0,0,2.65,3.29,2.84,,0
207,DEF,9,2.666666667,0,3.453611845,0,0.0060015,2.65,3.29,2.84,,0
208,DEF,9,1.333333333,0,12.17871495,0,0.112153038,2.65,3.29,2.84,,0
209,DEF,9,1,0,0.650633627,2.8,0.000625156,2.65,3.29,2.84,,1
217,DEF,9,1.833333333,0,2.304175352,2,0.00100025,2.65,3.29,2.84,,1
218,DEF,9,0,0,0.020198924,0,0,2.65,3.29,2.84,,0
219,DEF,9,1.5,0,0.770959297,0,0.000875219,2.65,3.29,2.84,,0
220,DEF,9,0,0,0.316025784,0,0,2.65,3.29,2.84,,0
224,DEF,11,3.5,0,3.321825455,4.3,0.014003501,3.03,3.61,2.36,,1
229,DEF,11,5.666666667,0,16.63431946,2.1,0.023005751,3.03,3.61,2.36,,1
234,DEF,11,2,1,1.910076386,2.2,0.006626657,3.03,3.61,2.36,,1
237,DEF,11,5.833333333,0,23.21998911,0,0.559764941,3.03,3.61,2.36,,0
238,DEF,11,0.166666667,1,0.50800473,0.2,0,3.03,3.61,2.36,,1
241,DEF,11,0,0,0.184441502,0,0,3.03,3.61,2.36,,0
243,DEF,11,1,0,1.190000783,0,0.000250063,3.03,3.61,2.36,,0
245,DEF,11,3.833333333,0,17.51132608,0,0.096274069,3.03,3.61,2.36,,0
246,DEF,11,0,0,0.754457762,0,0.001125281,3.03,3.61,2.36,,0
247,DEF,11,0,0,0.032361078,0,0,3.03,3.61,2.36,,0
248,DEF,11,0,0,0.159356317,0,0,3.03,3.61,2.36,,0
248,DEF,17,0,0,0.227549977,0,0.006376594,2.1,3.44,3.74,,0
249,DEF,12,4.333333333,1,6.489810956,0.7,0.001250313,2.36,3.61,3.03,,1
252,DEF,12,0,0,3.161232712,0,0,2.36,3.61,3.03,,0
253,DEF,12,0.5,0,0.406118455,0,0.000875219,2.36,3.61,3.03,,0
256,DEF,12,7.333333333,0,14.99755271,4.7,0.013003251,2.36,3.61,3.03,,0
258,DEF,12,1.333333333,0,0.455599281,0,0.003625906,2.36,3.61,3.03,,0
259,DEF,12,5,0,3.334320493,1.9,0.000125031,2.36,3.61,3.03,,1
262,DEF,12,6.5,0,27.39214292,1.2,0.008002001,2.36,3.61,3.03,,0
264,DEF,12,0.333333333,0,0.766346476,0,0.001500375,2.36,3.61,3.03,,0
273,DEF,13,3.5,1,6.781559987,0,0.000125031,1.55,4.24,6.69,,0
275,DEF,13,3,0,28.31813104,5.7,0.000125031,1.55,4.24,6.69,,2
279,DEF,13,0,0,0.116188398,0,0.000125031,1.55,4.24,6.69,,0
283,DEF,2,1.666666667,0,0.544003755,0,0.000375094,3.74,3.44,2.1,,0
284,DEF,13,1.333333333,1,0.484726629,2.3,0.000125031,1.55,4.24,6.69,,2
286,DEF,13,0,0,0.086454725,0,0.000500125,1.55,4.24,6.69,,0
288,DEF,13,3,0,6.056764565,6.2,0.347211803,1.55,4.24,6.69,,2
290,DEF,15,0.5,0,6.620788914,0,0,4.05,3.58,1.97,,0
292,DEF,14,1.166666667,0,0.259518728,7,0,4.9,3.77,1.77,,1
293,DEF,14,0.833333333,1,0.115284855,1.9,0.000500125,4.9,3.77,1.77,,0
299,DEF,14,0.5,0,0.201668248,0,0,4.9,3.77,1.77,,0
301,DEF,14,0,0,0.010188628,0,0.032383096,4.9,3.77,1.77,,0
302,DEF,14,1.666666667,1,8.886373501,2.7,0,4.9,3.77,1.77,,3
303,DEF,14,0.166666667,0,0.04990882,0,0.001375344,4.9,3.77,1.77,,0
305,DEF,14,0,0,0.164955901,0,0.000375094,4.9,3.77,1.77,,0
311,DEF,14,0.166666667,0,0.10183872,0,0,4.9,3.77,1.77,,0
319,DEF,15,0.833333333,1,0.135448114,5.8,0,4.05,3.58,1.97,,7
321,DEF,15,0,0,0.012911143,0,0,4.05,3.58,1.97,,0
324,DEF,15,0,0,0.052940441,0,0.000125031,4.05,3.58,1.97,,0
326,DEF,15,1.166666667,1,1.439033666,4.2,0,4.05,3.58,1.97,,5
327,DEF,15,0,0,0.054676194,0,0,4.05,3.58,1.97,,0
331,DEF,15,0.333333333,0,4.20952003,0,0,4.05,3.58,1.97,,0
338,DEF,16,1.5,0,0.078061293,0,0,8.13,4.74,1.43,,0
340,DEF,9,1.333333333,0,0.922064846,4.6,0.001500375,2.65,3.29,2.84,,1
342,DEF,16,1.333333333,1,0.465074586,3.8,0.000500125,8.13,4.74,1.43,,1
343,DEF,16,2,0,0.730965664,1.8,0,8.13,4.74,1.43,,1
351,DEF,16,2.5,0,0.20377255,2.1,0,8.13,4.74,1.43,,0
355,DEF,17,0,0,0.021292686,0,0,2.1,3.44,3.74,,0
358,DEF,17,0,0,0.216327032,0,0.059264816,2.1,3.44,3.74,,0
360,DEF,17,0.166666667,0,0.317309765,0,0.017504376,2.1,3.44,3.74,,0
361,DEF,17,3.833333333,0,5.798898368,4.6,0,2.1,3.44,3.74,,3
367,DEF,17,3.5,0,1.743931614,0,0.002750688,2.1,3.44,3.74,,0
368,DEF,17,0,0,0.080165596,0,0.000125031,2.1,3.44,3.74,,0
370,DEF,17,4.666666667,0,10.73371315,4,0.02388097,2.1,3.44,3.74,,2
371,DEF,17,2.333333333,0,2.090772944,0,0.002500625,2.1,3.44,3.74,,0
374,DEF,17,0.166666667,0,0.071760275,0,0,2.1,3.44,3.74,,0
377,DEF,18,0.5,1,0.320852601,2.4,0.000125031,4.7,3.95,1.76,,2
379,DEF,18,0.833333333,0,0.109613939,0,0,4.7,3.95,1.76,,0
382,DEF,18,1,1,0.085515517,2.1,0.000125031,4.7,3.95,1.76,,1
384,DEF,18,0.333333333,1,0.073781356,0.2,0,4.7,3.95,1.76,,1
387,DEF,18,1.333333333,1,0.153150408,4.7,0.000125031,4.7,3.95,1.76,,2
390,DEF,18,0.666666667,0,0.088178588,0,0.000250063,4.7,3.95,1.76,,0
396,DEF,18,0.166666667,1,0.083220995,1,0.000500125,4.7,3.95,1.76,,2
398,DEF,18,0,0,0.339636769,0,0,4.7,3.95,1.76,,0
400,DEF,18,0.666666667,0,0.047067417,0,0,4.7,3.95,1.76,,0
401,DEF,18,0,0,0.000451771,0,0,4.7,3.95,1.76,,0
409,DEF,19,2.666666667,0,0.311781513,1.9,0,1.78,3.72,4.88,,1
410,DEF,19,0,0,1.283327185,0,0.00100025,1.78,3.72,4.88,,0
411,DEF,19,4.166666667,0,15.47729797,8.7,0.025506377,1.78,3.72,4.88,,1
414,DEF,19,1.833333333,0,0.292616907,0,0.000125031,1.78,3.72,4.88,,0
415,DEF,19,0.166666667,0,0.101268062,0,0,1.78,3.72,4.88,,0
417,DEF,19,0,0,0.043762355,0,0,1.78,3.72,4.88,,0
418,DEF,19,2.666666667,0,7.40681121,5.9,0.027631908,1.78,3.72,4.88,,1
424,DEF,19,0,0,0.275960819,0,0.000375094,1.78,3.72,4.88,,0
425,DEF,19,0.166666667,0,1.920265014,0,0.002250563,1.78,3.72,4.88,,0
428,DEF,20,0,0,0.088452029,0,0.000125031,1.77,3.77,4.9,,0
429,DEF,20,3,1,6.434813767,1.6,0.057139285,1.77,3.77,4.9,,2
431,DEF,20,2.833333333,1,1.004631962,2.7,0.008377094,1.77,3.77,4.9,,2
432,DEF,20,4.166666667,1,7.987967195,3.5,0.211677919,1.77,3.77,4.9,,3
433,DEF,20,0,0,0.006205908,0,0,1.77,3.77,4.9,,0
437,DEF,20,2.833333333,1,3.746157419,2,0.176044011,1.77,3.77,4.9,,2
439,DEF,20,3,1,0.406689113,2.3,0.002750688,1.77,3.77,4.9,,2
443,DEF,20,0.333333333,1,2.147184889,0,0.004626157,1.77,3.77,4.9,,0
446,DEF,20,0,0,0.024086534,0,0,1.77,3.77,4.9,,0
451,DEF,5,0,1,0.065911028,4.8,0,1.97,3.58,4.05,,6
454,DEF,18,0,0,0.437766211,0,0.000500125,4.7,3.95,1.76,,0
456,DEF,15,0.5,1,0.078287179,2.1,0,4.05,3.58,1.97,,6
457,DEF,15,0.333333333,1,0.059491123,4.5,0,4.05,3.58,1.97,,6
460,DEF,16,1.666666667,0,0.091947311,0,0,8.13,4.74,1.43,,0
463,DEF,10,0,1,0.502214927,4.7,0.001750438,1.76,3.95,4.7,,8
465,DEF,14,0.666666667,1,0.156717022,1,0,4.9,3.77,1.77,,1
466,DEF,1,0.5,1,0.196389659,0,0.000125031,2.34,3.31,3.29,,0
470,DEF,20,0.166666667,0,0.207862268,0,0.00100025,1.77,3.77,4.9,,0
473,DEF,9,0.666666667,0,0.624442791,2.1,0.001375344,2.65,3.29,2.84,,0
474,DEF,7,2.5,0,0.281477182,4.9,0,2.84,3.29,2.65,,1
477,DEF,7,2.833333333,0,0.369988655,1.1,0.000250063,2.84,3.29,2.65,,1
483,DEF,3,3.833333333,0,1.267324976,0,0.001125281,4.88,3.72,1.78,,0
488,DEF,7,2.833333333,0,0.487151927,1.7,0.000500125,2.84,3.29,2.65,,0
491,DEF,16,2.833333333,0,12.31083422,1.8,0.486371593,8.13,4.74,1.43,,4
493,DEF,7,0,0,0.092636856,0,0,2.84,3.29,2.65,,0
494,DEF,17,0.333333333,1,0.274534173,2.7,0,2.1,3.44,3.74,,1
498,DEF,3,0,0,0.04795907,0,0,4.88,3.72,1.78,,0
501,DEF,6,0,0,0.062463301,0,0,1.43,4.74,8.13,,0
502,DEF,8,0.166666667,0,0.08567007,0,0,6.69,4.24,1.55,,0
510,DEF,13,0.166666667,1,0.078287179,0,0,1.55,4.24,6.69,,0
515,DEF,15,0,0,0.26532042,0,0.000625156,4.05,3.58,1.97,,0
521,DEF,19,0,0,0.198910067,0,0.000125031,1.78,3.72,4.88,,0
527,DEF,6,3.5,1,1.734420643,9.1,0.001750438,1.43,4.74,8.13,,11
534,DEF,5,0,0,0.294851985,0,0.000125031,1.97,3.58,4.05,,0
536,DEF,4,0,0,0.049266829,0,0,3.29,3.31,2.34,,0
539,DEF,6,0.166666667,0,0.012923032,0,0,1.43,4.74,8.13,,0
540,DEF,7,0,0,0.076301764,0,0,2.84,3.29,2.65,,0
544,DEF,8,0,0,0.233922328,0,0,6.69,4.24,1.55,,0
546,DEF,16,0,0,0.541043465,0,0.000250063,8.13,4.74,1.43,,0
549,DEF,20,0,0,0.255131793,0,0,1.77,3.77,4.9,,0
554,DEF,19,0,0,0.2674485,0,0.000125031,1.78,3.72,4.88,,0
555,DEF,13,3,0,4.42087758,2,0.002125531,1.55,4.24,6.69,,2
560,DEF,4,0,0,0.190552301,0,0.000375094,3.29,3.31,2.34,,0
562,DEF,10,0,0,0.070618959,0,0.000125031,1.76,3.95,4.7,,0
563,DEF,10,0.166666667,1,0.448870269,0,0.000500125,1.76,3.95,4.7,,0
565,DEF,5,0,0,0.063723505,0,0.000125031,1.97,3.58,4.05,,0
567,DEF,16,0,0,0.013826574,0,0,8.13,4.74,1.43,,0
569,DEF,3,0,0,0.251802953,0,0.000250063,4.88,3.72,1.78,,0
570,DEF,8,0,0,0.013755242,0,0,6.69,4.24,1.55,,0
580,DEF,15,0.333333333,1,0.045866657,1.9,0,4.05,3.58,1.97,,6
584,DEF,4,1.666666667,1,0.624573567,8,0.002375594,3.29,3.31,2.34,,9
585,DEF,5,0,0,0.005896802,0,0,1.97,3.58,4.05,,0
588,DEF,17,0.5,1,0.206875505,6.6,0,2.1,3.44,3.74,,2
590,DEF,1,2.333333333,1,2.624314631,0.9,0.016754189,2.34,3.31,3.29,,6
594,DEF,3,0.166666667,1,0.011532052,0.7,0,4.88,3.72,1.78,,1
598,DEF,17,0,0,0.052809666,0,0,2.1,3.44,3.74,,0
603,DEF,12,0,0,0.018165954,0,0,2.36,3.61,3.03,,0
604,DEF,12,0,0,0.039137645,0,0,2.36,3.61,3.03,,0
608,DEF,10,0,0,0.006301018,0,0,1.76,3.95,4.7,,0
610,DEF,2,0,0,0.017416965,0,0.000125031,3.74,3.44,2.1,,0
5,DEF,1,0,0,0.001674877,0,0,1.45,4.83,7.54,,0
8,DEF,1,0,0,0.001042646,0,0,1.45,4.83,7.54,,0
9,DEF,1,0,0,0.002337535,0,0,1.45,4.83,7.54,,0
10,DEF,1,0,0,0.00201689,0,0,1.45,4.83,7.54,,0
11,DEF,1,0.25,1,0.000964721,0,0,1.45,4.83,7.54,,0
14,DEF,1,0,0,0.005774853,0,0,1.45,4.83,7.54,,0
16,DEF,1,2,0,0.046875998,0,0.02075,1.45,4.83,7.54,,0
23,DEF,1,6.25,1,0.021306776,5.5,0.000125,1.45,4.83,7.54,,5
24,DEF,1,0,0,6.62E-06,0,0,1.45,4.83,7.54,,0
27,DEF,1,0,0,2.52E-05,0,0,1.45,4.83,7.54,,0
31,DEF,2,0,0,5.23E-06,0,0,3.62,3.66,2.08,,0
36,DEF,2,4,0,0.003071614,0,0,3.62,3.66,2.08,,0
38,DEF,2,2,0,0.062543332,4.6,0.000625,3.62,3.66,2.08,,2
39,DEF,2,2,0,0.023018002,5.5,0.000125,3.62,3.66,2.08,,2
44,DEF,2,1.75,0,0.039317219,2.5,0.00125,3.62,3.66,2.08,,2
45,DEF,2,1,0,0.00567521,0,0,3.62,3.66,2.08,,0
46,DEF,2,0,0,0.000150625,0,0,3.62,3.66,2.08,,0
52,DEF,2,0.25,1,0.005123809,0,0,3.62,3.66,2.08,,0
56,DEF,4,2,0,0.241284938,3.6,0.3725,1.6,4.2,6.06,,2
58,DEF,4,1.75,0,0.000467553,0,0.000125,1.6,4.2,6.06,,0
59,DEF,4,2.75,0,0.049377861,2.8,0.0015,1.6,4.2,6.06,,2
61,DEF,4,0,1,0.002010619,0.3,0,1.6,4.2,6.06,,1
62,DEF,4,3.25,0,0.00999433,5.1,0.011375,1.6,4.2,6.06,,2
67,DEF,1,4.25,1,0.119084538,3.9,0.1435,1.45,4.83,7.54,,8
68,DEF,4,0,0,6.55E-05,0,0,1.6,4.2,6.06,,0
71,DEF,4,0.25,1,0.005935466,8,0.0045,1.6,4.2,6.06,,2
76,DEF,3,2.75,0,0.107484779,6,0.0045,1.65,4.05,5.65,,1
83,DEF,3,1.25,1,0.014078396,8,0.005125,1.65,4.05,5.65,,10
87,DEF,3,0,1,0.018991539,5.3,0.000375,1.65,4.05,5.65,,1
89,DEF,3,0.25,1,0.000509826,0,0,1.65,4.05,5.65,,0
90,DEF,3,0,0,0.000414945,0,0,1.65,4.05,5.65,,0
91,DEF,3,2.75,0,0.067757144,9.4,0.005125,1.65,4.05,5.65,,1
98,DEF,5,2,0,0.011103637,2.8,0,13.1,5.91,1.27,,1
99,DEF,5,0,0,0.0069334,0,0,13.1,5.91,1.27,,0
100,DEF,5,0,1,0.000998748,0,0,13.1,5.91,1.27,,1
103,DEF,5,0,0,0.001231944,0,0,13.1,5.91,1.27,,0
106,DEF,5,0.75,1,0.005220548,2.1,0.000125,13.1,5.91,1.27,,2
110,DEF,5,6,1,0.016800797,1.4,0.0065,13.1,5.91,1.27,,2
113,DEF,5,4.25,0,0.003462752,4.1,0.001125,13.1,5.91,1.27,,2
119,DEF,6,3,0,0.065806567,0,0.055125,1.27,5.91,13.1,,0
121,DEF,6,3.75,1,0.038768256,6.5,0.00125,1.27,5.91,13.1,,2
122,DEF,6,0.25,0,0.102367358,0,0.00225,1.27,5.91,13.1,,0
127,DEF,6,4.5,0,0.181796613,6.4,0.115,1.27,5.91,13.1,,2
128,DEF,19,2.5,1,0.014357929,9.4,0,4.5,4.25,1.74,,7
133,DEF,6,1.75,1,0.035191926,3.2,0.017875,1.27,5.91,13.1,,2
135,DEF,6,7,0,0.197762642,9.4,0.456375,1.27,5.91,13.1,,2
139,DEF,6,0,0,0.000429462,0,0,1.27,5.91,13.1,,0
142,DEF,6,8.75,1,0.187342102,15.2,0.533625,1.27,5.91,13.1,,7
147,DEF,7,0,0,0.000946372,0,0,2.36,3.14,3.46,,0
150,DEF,7,1.75,1,0.006873708,2.4,0.000125,2.36,3.14,3.46,,8
151,DEF,7,0,0,0.010686718,0,0.0005,2.36,3.14,3.46,,0
158,DEF,7,0,0,0.000387305,0,0,2.36,3.14,3.46,,0
161,DEF,7,0,0,5.01E-05,0,0,2.36,3.14,3.46,,0
162,DEF,7,4,1,0.010090721,3.7,0.00225,2.36,3.14,3.46,,6
165,DEF,8,0,1,0.004020192,2.5,0,3.47,3.32,2.27,,6
168,DEF,8,1.5,1,0.059029482,4.1,0.00025,3.47,3.32,2.27,,7
169,DEF,8,5,1,0.027783539,2.5,0.00075,3.47,3.32,2.27,,6
175,DEF,8,2,0,0.003482959,0,0,3.47,3.32,2.27,,0
178,DEF,8,0.25,0,0.005060632,0,0,3.47,3.32,2.27,,-2
179,DEF,8,2.25,1,0.005147616,4.2,0,3.47,3.32,2.27,,6
184,DEF,9,3,0,0.004689237,1.5,0.00025,2.69,3.49,2.68,,2
185,DEF,9,0,0,0.036744862,0,0.002125,2.69,3.49,2.68,,0
190,DEF,9,4.75,0,0.006312435,1.9,0.000875,2.69,3.49,2.68,,2
194,DEF,9,0,0,0.00098156,0,0,2.69,3.49,2.68,,0
198,DEF,9,1.25,1,0.001910744,1.3,0,2.69,3.49,2.68,,2
201,DEF,10,0.5,1,0.00183607,2.2,0,2.68,3.49,2.69,,2
207,DEF,10,0.5,1,0.023645704,2.4,0.000375,2.68,3.49,2.69,,2
208,DEF,10,0.5,0,0.098891831,0.3,0.009125,2.68,3.49,2.69,,1
209,DEF,10,1.25,1,0.00585243,1.5,0,2.68,3.49,2.69,,2
217,DEF,10,1,1,0.022247341,2.1,0,2.68,3.49,2.69,,2
218,DEF,10,0,0,0.000198472,0,0,2.68,3.49,2.69,,0
219,DEF,10,0.25,1,0.005883205,0,0,2.68,3.49,2.69,,0
220,DEF,10,0,0,0.002833308,0,0,2.68,3.49,2.69,,0
224,DEF,11,0.5,0,0.028372684,2.3,0.001625,1.74,4.25,4.5,,1
229,DEF,11,2.25,0,0.182245469,4.6,0.001875,1.74,4.25,4.5,,1
234,DEF,11,2.5,0,0.021396663,4.9,0.001875,1.74,4.25,4.5,,1
237,DEF,11,3,1,0.284460924,14.7,0.832125,1.74,4.25,4.5,,12
238,DEF,11,0.25,0,0.004647545,0,0,1.74,4.25,4.5,,0
241,DEF,11,0,0,0.001665122,0,0,1.74,4.25,4.5,,0
243,DEF,11,1.75,0,0.013138644,0,0,1.74,4.25,4.5,,0
245,DEF,11,0,0,0.132967134,0,0.008125,1.74,4.25,4.5,,0
246,DEF,11,0,0,0.008974446,0,0.000625,1.74,4.25,4.5,,0
247,DEF,11,0,0,0.000281508,0,0,1.74,4.25,4.5,,0
248,DEF,11,0,1,0.001355974,0,0,1.74,4.25,4.5,,6
248,DEF,17,0.5,1,0.00200156,3.3,0.00775,2.27,3.32,3.47,,8
249,DEF,12,4.5,0,0.065737235,4.1,0.001375,1.73,4.19,4.71,,3
252,DEF,12,0,0,0.02967756,1.5,0,1.73,4.19,4.71,,0
253,DEF,12,1.75,0,0.003639158,0,0.0025,1.73,4.19,4.71,,0
256,DEF,12,3.5,0,0.256963421,10.5,0.00425,1.73,4.19,4.71,,6
258,DEF,12,-0.25,0,0.004229349,0,0.006875,1.73,4.19,4.71,,0
259,DEF,12,1.5,0,0.033566986,0,0.000125,1.73,4.19,4.71,,0
262,DEF,12,3,0,0.261244333,2.4,0.020625,1.73,4.19,4.71,,2
264,DEF,12,5,0,0.006940252,0,0.601,1.73,4.19,4.71,,3
273,DEF,13,2.5,0,0.05323268,2.3,0,4.71,4.19,1.73,,2
275,DEF,13,0.75,0,0.202277447,3.9,0,4.71,4.19,1.73,,0
279,DEF,13,0,0,0.000571493,1.1,0,4.71,4.19,1.73,,0
283,DEF,2,1.5,1,0.005020566,0.8,0,3.62,3.66,2.08,,1
284,DEF,13,2,1,0.004540238,1.4,0,4.71,4.19,1.73,,2
286,DEF,13,1.75,1,0.001210227,0.2,0,4.71,4.19,1.73,,2
288,DEF,13,1.25,0,0.045540115,1.1,0.005125,4.71,4.19,1.73,,2
290,DEF,15,0.25,1,0.051646645,4.8,0,5.65,4.05,1.65,,1
292,DEF,14,1.25,1,0.002268667,2.7,0,6.06,4.2,1.6,,6
293,DEF,14,1.5,1,0.001077835,4.2,0.00025,6.06,4.2,1.6,,3
299,DEF,14,0,1,0.001786597,3,0,6.06,4.2,1.6,,1
301,DEF,14,0.75,0,9.87E-05,0,0.029375,6.06,4.2,1.6,,0
302,DEF,14,2.75,0,0.092220312,0,0,6.06,4.2,1.6,,2
303,DEF,14,0,1,0.000588797,0.7,0.00025,6.06,4.2,1.6,,1
305,DEF,14,0.75,1,0.001490805,0,0.000125,6.06,4.2,1.6,,10
311,DEF,14,0,0,0.000923842,0,0,6.06,4.2,1.6,,0
319,DEF,15,2,0,0.001460262,0,0,5.65,4.05,1.65,,0
321,DEF,15,0,0,0.000121359,0,0,5.65,4.05,1.65,,0
324,DEF,15,0,0,0.000443514,0,0,5.65,4.05,1.65,,0
326,DEF,15,1.5,0,0.01240259,2,0,5.65,4.05,1.65,,0
327,DEF,15,0.25,1,0.00051482,0,0,5.65,4.05,1.65,,0
331,DEF,15,0.5,0,0.04136802,3.6,0,5.65,4.05,1.65,,0
338,DEF,16,0.5,1,0.000593907,0,0.000125,2.08,3.66,3.62,,1
340,DEF,10,0.75,1,0.006607646,0,0.00075,2.68,3.49,2.69,,3
342,DEF,16,3,1,0.004902923,1.9,0.00025,2.08,3.66,3.62,,8
343,DEF,16,0.75,0,0.007992422,1.9,0,2.08,3.66,3.62,,0
351,DEF,16,0.5,0,0.002766764,3.5,0,2.08,3.66,3.62,,0
355,DEF,17,0,0,0.000196033,0,0,2.27,3.32,3.47,,0
358,DEF,17,1,1,0.001829915,0,0.1285,2.27,3.32,3.47,,3
360,DEF,17,0.75,1,0.00251998,1.3,0.001375,2.27,3.32,3.47,,8
361,DEF,17,1.75,1,0.046027178,2.1,0.00075,2.27,3.32,3.47,,3
367,DEF,17,0.25,0,0.011877202,0,0.000125,2.27,3.32,3.47,,0
368,DEF,17,0,0,0.000659754,0,0,2.27,3.32,3.47,,0
370,DEF,17,2,1,0.093794501,4.7,0.0185,2.27,3.32,3.47,,5
371,DEF,17,0,0,0.013440359,0,0,2.27,3.32,3.47,,0
374,DEF,17,0,0,0.000674039,0,0,2.27,3.32,3.47,,0
377,DEF,18,0.75,1,0.002655972,3.2,0,7.54,4.83,1.45,,2
379,DEF,18,1.75,1,0.000998283,1.1,0,7.54,4.83,1.45,,2
382,DEF,18,0.75,1,0.000594603,2.6,0,7.54,4.83,1.45,,2
384,DEF,18,0.25,0,0.000534098,0,0,7.54,4.83,1.45,,0
387,DEF,18,1.25,0,0.001216963,0,0,7.54,4.83,1.45,,0
390,DEF,18,0.75,1,0.000797605,0,0,7.54,4.83,1.45,,0
396,DEF,18,0.5,0,0.000563944,0,0,7.54,4.83,1.45,,0
398,DEF,18,0,0,0.002719614,0,0,7.54,4.83,1.45,,0
400,DEF,18,1,0,0.000461282,0,0,7.54,4.83,1.45,,0
401,DEF,18,0,0,4.30E-06,0,0,7.54,4.83,1.45,,0
409,DEF,19,2.5,0,0.009144233,0,0,4.5,4.25,1.74,,1
410,DEF,19,0,0,0.0108867,0,0,4.5,4.25,1.74,,0
411,DEF,19,4.25,0,0.150059542,1.7,0.0055,4.5,4.25,1.74,,1
414,DEF,19,0.5,0,0.002497102,5.5,0,4.5,4.25,1.74,,1
415,DEF,19,0,0,0.000928255,0,0,4.5,4.25,1.74,,0
417,DEF,19,0,1,0.000448624,0,0,4.5,4.25,1.74,,1
418,DEF,19,1,0,0.045689114,0,0.000375,4.5,4.25,1.74,,1
424,DEF,19,0,0,0.002620436,0,0,4.5,4.25,1.74,,0
425,DEF,19,3.5,1,0.037873447,2.9,0.00875,4.5,4.25,1.74,,1
428,DEF,20,0,0,0.000828961,0,0,3.46,3.14,2.36,,0
429,DEF,20,3,0,0.061802168,2,0.00975,3.46,3.14,2.36,,1
431,DEF,20,3,0,0.010184789,1.8,0.00075,3.46,3.14,2.36,,1
432,DEF,20,2.25,0,0.032035302,0,0.023875,3.46,3.14,2.36,,0
433,DEF,20,0,0,6.36E-05,0,0,3.46,3.14,2.36,,0
437,DEF,20,3,0,0.026690143,1.3,0.025125,3.46,3.14,2.36,,2
439,DEF,20,4.25,1,0.003928215,1.8,0.000625,3.46,3.14,2.36,,1
443,DEF,20,0.5,0,0.018903742,0,0.001,3.46,3.14,2.36,,0
446,DEF,20,0,0,0.000211711,0,0,3.46,3.14,2.36,,0
451,DEF,5,1.75,0,0.000920009,0,0,13.1,5.91,1.27,,0
454,DEF,18,0,0,0.003674579,0,0,7.54,4.83,1.45,,0
456,DEF,15,0.75,1,0.00069111,2.4,0,5.65,4.05,1.65,,2
457,DEF,15,1.75,0,0.000770197,0.2,0,5.65,4.05,1.65,,1
460,DEF,16,0.25,0,0.001044504,0,0,2.08,3.66,3.62,,0
463,DEF,9,1.75,0,0.003560304,0,0.00075,2.69,3.49,2.68,,0
465,DEF,14,0.75,0,0.00137804,0,0,6.06,4.2,1.6,,0
466,DEF,1,2.25,1,0.003390517,3.5,0.000625,1.45,4.83,7.54,,6
470,DEF,20,2.5,0,0.002566085,3,0.000625,3.46,3.14,2.36,,1
473,DEF,10,0.25,0,0.004267673,0,0,2.68,3.49,2.69,,0
474,DEF,7,3,1,0.002875116,1.6,0,2.36,3.14,3.46,,6
477,DEF,7,2.75,1,0.003680154,1.6,0,2.36,3.14,3.46,,7
483,DEF,3,0.5,0,0.008922651,0,0.000125,1.65,4.05,5.65,,0
488,DEF,7,2.25,1,0.00442573,1.3,0.000375,2.36,3.14,3.46,,6
491,DEF,16,5.25,1,0.216273737,2.5,0.8275,2.08,3.66,3.62,,6
493,DEF,7,0,0,0.000871117,0,0,2.36,3.14,3.46,,0
494,DEF,17,0.5,1,0.003302255,3.5,0.000375,2.27,3.32,3.47,,8
498,DEF,3,0,0,0.000500535,0,0,1.65,4.05,5.65,,0
501,DEF,6,0,0,0.000828264,0,0,1.27,5.91,13.1,,0
502,DEF,8,0,0,0.000869027,0,0,3.47,3.32,2.27,,0
510,DEF,13,0.5,0,0.000745112,0,0,4.71,4.19,1.73,,0
515,DEF,15,0,0,0.002484443,0,0,5.65,4.05,1.65,,0
521,DEF,19,0,0,0.001690323,0,0,4.5,4.25,1.74,,0
527,DEF,6,4.25,0,0.050562887,0,0.003875,1.27,5.91,13.1,,0
534,DEF,5,0,0,0.002817166,0,0,13.1,5.91,1.27,,0
536,DEF,4,0,0,0.000421448,0,0,1.6,4.2,6.06,,0
539,DEF,6,0,0,0.00011625,0,0,1.27,5.91,13.1,,0
540,DEF,7,0,0,0.000857646,0,0,2.36,3.14,3.46,,0
544,DEF,8,0,0,0.002301649,0,0,3.47,3.32,2.27,,0
546,DEF,16,0,0,0.004998965,0,0.000375,2.08,3.66,3.62,,0
549,DEF,20,0,0,0.002140688,0,0,3.46,3.14,2.36,,0
554,DEF,19,0,0,0.002576537,0,0,4.5,4.25,1.74,,0
555,DEF,13,2.5,1,0.023210203,0,0,4.71,4.19,1.73,,0
560,DEF,4,0,0,0.001941984,0,0.000125,1.6,4.2,6.06,,0
562,DEF,9,0,0,0.000754171,0,0,2.69,3.49,2.68,,0
563,DEF,9,0.25,1,0.004330501,0.2,0.000375,2.69,3.49,2.68,,1
565,DEF,5,0,0,0.000727228,0,0,13.1,5.91,1.27,,0
567,DEF,16,0.25,1,0.000197543,1.4,0,2.08,3.66,3.62,,1
569,DEF,3,0,0,0.002579557,0,0.000125,1.65,4.05,5.65,,0
570,DEF,8,0,0,0.000114275,0,0,3.47,3.32,2.27,,0
580,DEF,15,1.75,0,0.000663006,0,0,5.65,4.05,1.65,,0
584,DEF,4,2.75,0,0.012055932,5.2,0.004125,1.6,4.2,6.06,,2
585,DEF,5,0,0,0.000154225,0,0,13.1,5.91,1.27,,0
588,DEF,17,1.5,1,0.002473527,1.9,0.0005,2.27,3.32,3.47,,6
590,DEF,1,4,1,0.035036191,6.4,0.010875,1.45,4.83,7.54,,5
594,DEF,3,2,0,0.001090493,0,0,1.65,4.05,5.65,,1
598,DEF,17,0,0,0.000734544,0,0,2.27,3.32,3.47,,0
603,DEF,12,0,0,0.000348517,0,0,1.73,4.19,4.71,,0
604,DEF,12,0,0,0.000561505,0,0,1.73,4.19,4.71,,0
608,DEF,9,0,0,0.000180471,0,0,2.69,3.49,2.68,,0
610,DEF,2,0,0,0.000568473,0,0,3.62,3.66,2.08,,0
4,FWD,1,3.333333333,1,2.224770634,4,0.007376844,2.34,3.31,3.29,,2
6,FWD,1,0.166666667,1,0.95714844,0.3,0,2.34,3.31,3.29,,1
20,FWD,1,0,0,0.098474214,0,0,2.34,3.31,3.29,,0
40,FWD,2,1.166666667,1,1.496693927,8.2,0.001875469,3.74,3.44,2.1,,6
47,FWD,2,0.166666667,0,0.141594578,0,0,3.74,3.44,2.1,,0
48,FWD,2,0,0,0.000820321,0,0,3.74,3.44,2.1,,0
49,FWD,2,0,0,1.260013418,0,0.003750938,3.74,3.44,2.1,,0
63,FWD,4,5.166666667,1,3.172657766,3.5,0.01387847,3.29,3.31,2.34,,1
72,FWD,4,0.333333333,1,0.115677183,0,0.000250063,3.29,3.31,2.34,,0
78,FWD,3,4.833333333,0,14.68392844,6.4,0.100650163,4.88,3.72,1.78,,2
88,FWD,3,0.166666667,0,0.102635264,0,0,4.88,3.72,1.78,,0
95,FWD,3,0,0,0.017298078,0,0,4.88,3.72,1.78,,0
104,FWD,5,0.833333333,0,0.545834617,4.8,0.000125031,1.97,3.58,4.05,,0
105,FWD,5,1.166666667,0,1.284313948,0.3,0.000625156,1.97,3.58,4.05,,1
109,FWD,5,3.166666667,0,1.770372113,4.5,0.009127282,1.97,3.58,4.05,,1
111,FWD,5,1.5,1,0.344665695,2.6,0.000125031,1.97,3.58,4.05,,1
120,FWD,6,0,0,0.016239983,0,0,1.43,4.74,8.13,,0
126,FWD,6,0,0,0.062142306,0,0,1.43,4.74,8.13,,0
134,FWD,6,1.5,1,1.498536678,16.8,0.000125031,1.43,4.74,8.13,,7
136,FWD,6,0,0,0.152330087,0,0,1.43,4.74,8.13,,0
149,FWD,7,2,0,0.774585354,0.3,0.000125031,2.84,3.29,2.65,,1
153,FWD,7,1.833333333,0,0.540032925,2.8,0,2.84,3.29,2.65,,1
159,FWD,7,0.166666667,0,0.078346622,0,0,2.84,3.29,2.65,,0
177,FWD,8,3.833333333,0,3.765417135,0,0.002500625,6.69,4.24,1.55,,0
180,FWD,8,2.666666667,0,4.435334255,0,0.000875219,6.69,4.24,1.55,,0
187,FWD,10,1,1,1.114424231,7.7,0.001250313,1.76,3.95,4.7,,2
189,FWD,10,3.5,0,5.799469026,0,0.027756939,1.76,3.95,4.7,,0
205,FWD,9,6.666666667,1,13.00114048,7.4,0.127781945,2.65,3.29,2.84,,8
213,FWD,9,1.5,1,2.278055848,7.2,0.00100025,2.65,3.29,2.84,,9
228,FWD,11,1.666666667,0,1.940154831,0.4,0.000500125,3.03,3.61,2.36,,1
235,FWD,11,0.166666667,0,1.086664085,0,0.000125031,3.03,3.61,2.36,,0
263,FWD,12,6,1,6.712118011,9.7,0,2.36,3.61,3.03,,5
269,FWD,13,0.333333333,1,1.843404481,3.4,0.012253063,1.55,4.24,6.69,,1
278,FWD,13,0.666666667,1,0.618213105,8,0.000125031,1.55,4.24,6.69,,7
296,FWD,14,2.666666667,0,0.91250632,0,0,4.9,3.77,1.77,,0
300,FWD,14,0.166666667,1,0.149631349,0.3,0,4.9,3.77,1.77,,1
307,FWD,14,5.833333333,0,16.38737899,6.7,0,4.9,3.77,1.77,,2
310,FWD,14,2,0,0.406094678,4.4,0.000125031,4.9,3.77,1.77,,2
315,FWD,15,3.5,0,5.182242685,4.3,0,4.05,3.58,1.97,,2
322,FWD,15,0,0,0.012839811,0,0,4.05,3.58,1.97,,0
329,FWD,15,0.666666667,0,0.396357821,0.4,0,4.05,3.58,1.97,,1
337,FWD,2,4.666666667,0,16.79759905,4.4,0,3.74,3.44,2.1,,2
344,FWD,16,0,0,0.017512075,0,0.000375094,8.13,4.74,1.43,,0
345,FWD,16,2.666666667,0,1.055254104,0,0,8.13,4.74,1.43,,0
348,FWD,16,0,0,4.726774179,0,0.000125031,8.13,4.74,1.43,,0
357,FWD,17,1.166666667,1,5.027463523,9.8,0,2.1,3.44,3.74,,2
380,FWD,18,0.333333333,0,0.520808875,0,0.000250063,4.7,3.95,1.76,,0
383,FWD,18,0,0,0.082662225,0,0,4.7,3.95,1.76,,0
388,FWD,18,0,0,1.149127386,0,0.02188047,4.7,3.95,1.76,,0
393,FWD,18,0,0,0.152365753,0,0.000125031,4.7,3.95,1.76,,0
395,FWD,18,0,0,0.238321152,0,0,4.7,3.95,1.76,,0
404,FWD,18,0.166666667,1,0.077668966,0.9,0.000125031,4.7,3.95,1.76,,1
413,FWD,19,7.833333333,0,44.98783131,10.4,0.875468867,1.78,3.72,4.88,,2
430,FWD,20,2.666666667,1,5.524673301,8.5,0.546261565,1.77,3.77,4.9,,10
445,FWD,20,0.666666667,0,0.434128264,0,0,1.77,3.77,4.9,,0
447,FWD,4,2.333333333,0,0.27133611,0,0.000250063,3.29,3.31,2.34,,0
450,FWD,18,3.833333333,0,11.01779396,6.3,0.032383096,4.7,3.95,1.76,,1
455,FWD,9,0.166666667,0,0.412205476,0,0.000125031,2.65,3.29,2.84,,0
468,FWD,18,3.166666667,1,1.020646059,0.2,0.005126282,4.7,3.95,1.76,,1
469,FWD,18,0,0,0.110041933,0,0.000500125,4.7,3.95,1.76,,0
472,FWD,18,1.5,0,1.754940563,0,0.002625656,4.7,3.95,1.76,,0
500,FWD,4,0,0,0.067349562,0,0.000125031,3.29,3.31,2.34,,0
516,FWD,15,1.166666667,1,0.106237544,6,0,4.05,3.58,1.97,,2
518,FWD,16,0.666666667,0,0.518704572,0,0.001125281,8.13,4.74,1.43,,0
519,FWD,16,0.166666667,1,0.143306553,0,0,8.13,4.74,1.43,,0
520,FWD,17,0,0,3.322990549,0,0.030382596,2.1,3.44,3.74,,0
523,FWD,20,0,0,0.065411702,0,0,1.77,3.77,4.9,,0
525,FWD,16,3.166666667,0,2.5646214,2.5,0.010752688,8.13,4.74,1.43,,2
529,FWD,6,4.5,0,36.81787168,2.6,0.332333083,1.43,4.74,8.13,,2
530,FWD,1,0.333333333,0,0.365637385,0,0.000250063,2.34,3.31,3.29,,0
533,FWD,5,0,0,1.259573535,0,0.003375844,1.97,3.58,4.05,,0
535,FWD,4,0,0,0.431726744,0,0.000375094,3.29,3.31,2.34,,0
542,FWD,7,0,0,1.392810348,0,0.007126782,2.84,3.29,2.65,,0
545,FWD,8,0,0,0.02319488,0,0,6.69,4.24,1.55,,0
550,FWD,10,0,0,2.115988905,0,0.003750938,1.76,3.95,4.7,,0
564,FWD,8,0.166666667,0,0.015395884,0,0,6.69,4.24,1.55,,0
568,FWD,2,0.166666667,1,1.174200683,0,0.003875969,3.74,3.44,2.1,,1
577,FWD,10,0,0,0.303590189,0,0.001125281,1.76,3.95,4.7,,0
579,FWD,13,3.5,0,47.56979834,2.2,0.605151288,1.55,4.24,6.69,,1
583,FWD,20,1.833333333,1,1.839148321,13.3,0.009377344,1.77,3.77,4.9,,13
586,FWD,7,2.5,0,2.823236586,4.4,0.002500625,2.84,3.29,2.65,,2
591,FWD,8,0.833333333,1,0.194190247,3.5,0.000875219,6.69,4.24,1.55,,2
595,FWD,4,0,0,0.469223747,0,0.001625406,3.29,3.31,2.34,,0
602,FWD,8,0,0,0.112134346,0,0.000125031,6.69,4.24,1.55,,0
607,FWD,8,0.166666667,1,0.156835909,0,0.000250063,6.69,4.24,1.55,,1
4,FWD,1,4.25,0,0.061744334,4.1,0.021375,1.45,4.83,7.54,,-1
6,FWD,1,1,1,0.011310239,5,0.000375,1.45,4.83,7.54,,2
20,FWD,1,0,0,0.001236009,0,0,1.45,4.83,7.54,,0
40,FWD,2,4,1,0.022078483,4.3,0.00325,3.62,3.66,2.08,,2
47,FWD,2,0,0,0.001174574,0,0,3.62,3.66,2.08,,0
48,FWD,2,0,0,7.43E-06,0,0,3.62,3.66,2.08,,0
49,FWD,2,0,1,0.022794562,0.1,0.02175,3.62,3.66,2.08,,1
63,FWD,4,2.75,0,0.03523234,0.2,0.01,1.6,4.2,6.06,,0
72,FWD,4,0.25,0,0.00108608,0,0,1.6,4.2,6.06,,0
78,FWD,3,2.75,0,0.229457557,3.4,0.38525,1.65,4.05,5.65,,1
88,FWD,3,0.75,1,0.001263881,0.3,0.00025,1.65,4.05,5.65,,1
95,FWD,3,0,0,0.000144006,0,0,1.65,4.05,5.65,,0
104,FWD,5,0,1,0.004957273,3.3,0,13.1,5.91,1.27,,4
105,FWD,5,0.5,0,0.010513795,0,0.000375,13.1,5.91,1.27,,0
109,FWD,5,2.75,1,0.011902752,1,0.0015,13.1,5.91,1.27,,2
111,FWD,5,2,1,0.003131423,7.1,0.000125,13.1,5.91,1.27,,7
120,FWD,6,0,0,0.000151554,0,0,1.27,5.91,13.1,,0
126,FWD,6,0,0,0.000556395,0,0,1.27,5.91,13.1,,0
134,FWD,6,2.25,0,0.013394022,0,0.0005,1.27,5.91,13.1,,0
136,FWD,6,0,0,0.001390698,0,0,1.27,5.91,13.1,,0
149,FWD,7,2,0,0.012025621,6.2,0.000625,2.36,3.14,3.46,,2
153,FWD,7,1,0,0.005385457,1.9,0,2.36,3.14,3.46,,1
159,FWD,7,0.25,0,0.000740815,0,0,2.36,3.14,3.46,,0
177,FWD,8,0,0,0.027155025,0,0.000125,3.47,3.32,2.27,,0
180,FWD,8,1.5,0,0.043615783,1.6,0.001125,3.47,3.32,2.27,,1
187,FWD,9,4.5,0,0.019232167,8.4,0.002625,2.69,3.49,2.68,,2
189,FWD,9,0,0,0.036286251,0,0.00125,2.69,3.49,2.68,,0
205,FWD,10,5.25,0,0.304337051,0.8,0.402375,2.68,3.49,2.69,,2
213,FWD,10,4,0,0.030260898,0,0.004375,2.68,3.49,2.69,,0
228,FWD,11,1.5,0,0.042404859,0,0.002625,1.74,4.25,4.5,,0
235,FWD,11,0,1,0.009895036,7.7,0,1.74,4.25,4.5,,5
263,FWD,12,3.25,0,0.095851573,8.2,0,1.73,4.19,4.71,,0
269,FWD,13,2.25,1,0.019655242,0,0.001125,4.71,4.19,1.73,,2
278,FWD,13,1.75,0,0.005702153,0,0,4.71,4.19,1.73,,1
296,FWD,14,0,0,0.018714793,0.9,0,6.06,4.2,1.6,,0
300,FWD,14,0.5,0,0.00140266,0.2,0,6.06,4.2,1.6,,0
307,FWD,14,3,0,0.150708844,0.9,0,6.06,4.2,1.6,,2
310,FWD,14,1,0,0.00346159,1.3,0,6.06,4.2,1.6,,0
315,FWD,15,1,0,0.038166336,6,0,5.65,4.05,1.65,,0
322,FWD,15,0.5,1,0.000106843,0,0,5.65,4.05,1.65,,2
329,FWD,15,0.25,0,0.004288461,0.1,0,5.65,4.05,1.65,,0
337,FWD,2,1,0,0.118832529,0,0,3.62,3.66,2.08,,0
344,FWD,16,2,1,0.000153528,0,0.000625,2.08,3.66,3.62,,2
345,FWD,16,0.5,0,0.009708177,5.2,0.000125,2.08,3.66,3.62,,0
348,FWD,16,1.5,0,0.033658151,0,0.000375,2.08,3.66,3.62,,1
357,FWD,17,1,0,0.071535082,5.3,0,2.27,3.32,3.47,,0
380,FWD,18,0,0,0.004035987,0,0.000125,7.54,4.83,1.45,,0
383,FWD,18,0,0,0.000674155,0,0,7.54,4.83,1.45,,0
388,FWD,18,0,0,0.008527565,0,0.00175,7.54,4.83,1.45,,0
393,FWD,18,0,0,0.001224279,0,0,7.54,4.83,1.45,,0
395,FWD,18,0.25,1,0.002384685,0.2,0,7.54,4.83,1.45,,1
404,FWD,18,1.5,0,0.001142869,1.8,0.000125,7.54,4.83,1.45,,1
413,FWD,19,4.75,0,0.466409555,2,0.665125,4.5,4.25,1.74,,2
430,FWD,20,8,0,0.093639114,4.7,0.31075,3.46,3.14,2.36,,2
445,FWD,20,0.25,1,0.003894652,0,0,3.46,3.14,2.36,,1
447,FWD,4,0.5,0,0.001498819,0,0,1.6,4.2,6.06,,0
450,FWD,18,3.5,0,0.07888215,2,0.0125,7.54,4.83,1.45,,2
455,FWD,10,1.25,0,0.012798721,0,0.001,2.68,3.49,2.69,,0
468,FWD,18,6,0,0.035668654,5.7,0.00275,7.54,4.83,1.45,,1
469,FWD,18,0,0,0.000934178,0,0,7.54,4.83,1.45,,0
472,FWD,18,1.5,0,0.016480617,2.5,0.001125,7.54,4.83,1.45,,1
500,FWD,4,0,0,0.000557905,0,0,1.6,4.2,6.06,,0
516,FWD,15,2,0,0.001421474,0.2,0.00025,5.65,4.05,1.65,,1
518,FWD,16,2.25,0,0.013652651,0.3,0.082125,2.08,3.66,3.62,,1
519,FWD,16,0.25,0,0.001590448,0,0.000125,2.08,3.66,3.62,,0
520,FWD,17,0,0,0.028921183,0,0.0095,2.27,3.32,3.47,,0
523,FWD,20,0,0,0.000551053,0,0,3.46,3.14,2.36,,0
525,FWD,16,2.5,1,0.024082249,6.2,0.123375,2.08,3.66,3.62,,9
529,FWD,6,1,0,0.095518502,0,0.0115,1.27,5.91,13.1,,0
530,FWD,1,0,0,0.003488069,0,0,1.45,4.83,7.54,,0
533,FWD,5,0,0,0.011666188,0,0.0025,13.1,5.91,1.27,,0
535,FWD,4,0,0,0.003446493,0,0.000125,1.6,4.2,6.06,,0
542,FWD,7,0,0,0.013336884,0,0.002625,2.36,3.14,3.46,,0
545,FWD,8,0,0,0.000197775,0,0,3.47,3.32,2.27,,0
550,FWD,9,0,0,0.019361888,0,0.0015,2.69,3.49,2.68,,0
564,FWD,8,0,0,0.000136805,0,0,3.47,3.32,2.27,,0
568,FWD,2,0.5,0,0.013424797,1.6,0.006125,3.62,3.66,2.08,,1
577,FWD,9,1,0,0.009417612,0,0.004625,2.69,3.49,2.68,,0
579,FWD,13,4,1,0.317123346,2.9,0.059,4.71,4.19,1.73,,1
583,FWD,20,6.25,0,0.124875302,2.8,0.247375,3.46,3.14,2.36,,2
586,FWD,7,2,0,0.029309417,8.2,0.005125,2.36,3.14,3.46,,2
591,FWD,8,1.5,0,0.001838625,0,0.000125,3.47,3.32,2.27,,0
595,FWD,4,0,0,0.004489488,0,0.000875,1.6,4.2,6.06,,0
602,FWD,8,0,0,0.001718659,0,0.000375,3.47,3.32,2.27,,0
607,FWD,8,0.5,0,0.00376795,0,0.001375,3.47,3.32,2.27,,0
1,GK,1,0.666666667,0,1.247744265,0,0.000875219,2.34,3.31,3.29,,0
2,GK,1,0,0,0.922992166,0,0.002875719,2.34,3.31,3.29,,0
28,GK,2,0.166666667,0,3.610412088,0,0.061140285,3.74,3.44,2.1,,0
30,GK,2,4.333333333,1,14.15104064,4.6,0.016379095,3.74,3.44,2.1,,4
54,GK,4,0,0,3.286004761,0,0.285696424,3.29,3.31,2.34,,0
65,GK,4,0,0,0.008904646,0,0,3.29,3.31,2.34,,0
69,GK,4,3.166666667,1,23.95330874,2.1,0.74456114,3.29,3.31,2.34,,6
80,GK,3,4.5,0,9.846922113,2.6,0.018379595,4.88,3.72,1.78,,3
92,GK,3,0,0,0.010141073,0,0,4.88,3.72,1.78,,0
94,GK,3,0,0,0.887266581,0,0.004001,4.88,3.72,1.78,,0
112,GK,5,2,1,2.986266515,0.8,0.003125781,1.97,3.58,4.05,,6
114,GK,5,0,0,0.118471031,0,0.000125031,1.97,3.58,4.05,,0
117,GK,5,0,0,0.005813581,0,0,1.97,3.58,4.05,,0
129,GK,6,1,0,0.275532825,0,0.000125031,1.43,4.74,8.13,,0
143,GK,6,4.666666667,0,12.95899499,0.8,0.025506377,1.43,4.74,8.13,,2
146,GK,7,4,0,6.653459098,1.9,0.016379095,2.84,3.29,2.65,,2
156,GK,7,0,0,0.357838389,0,0.000250063,2.84,3.29,2.65,,0
170,GK,8,3,1,5.139027211,2.9,0.006376594,6.69,4.24,1.55,,3
181,GK,8,0,0,1.30897114,0,0.004626157,6.69,4.24,1.55,,0
183,GK,10,0,0,0.005766026,0,0,1.76,3.95,4.7,,0
199,GK,10,2.166666667,1,2.891656132,1.3,0.008002001,1.76,3.95,4.7,,6
200,GK,9,3.333333333,0,18.68367212,2,0.023380845,2.65,3.29,2.84,,1
204,GK,9,0,0,4.953527613,0,0.021755439,2.65,3.29,2.84,,0
223,GK,11,0,0,0.226586992,0,0,3.03,3.61,2.36,,0
231,GK,11,5.666666667,0,8.545084201,1.9,0.009627407,3.03,3.61,2.36,,1
242,GK,11,0,0,0.100530962,0,0,3.03,3.61,2.36,,0
257,GK,12,5.666666667,0,9.830182804,1.4,0.000500125,2.36,3.61,3.03,,1
260,GK,12,0,0,0.163541144,0,0.001250313,2.36,3.61,3.03,,0
270,GK,13,4.333333333,0,6.508404904,0.7,0,1.55,4.24,6.69,,2
280,GK,13,0,0,0.473301575,0,0,1.55,4.24,6.69,,0
294,GK,14,1.666666667,0,0.441439823,0.6,0,4.9,3.77,1.77,,1
295,GK,14,0,0,0.095549591,0,0.000750188,4.9,3.77,1.77,,0
313,GK,15,0,0,0.712288495,0,0.002375594,4.05,3.58,1.97,,0
314,GK,15,1.166666667,1,1.287583344,3.7,0.015378845,4.05,3.58,1.97,,9
333,GK,16,0,0,0.806958321,0,0.00500125,8.13,4.74,1.43,,0
334,GK,16,3.333333333,0,1.980493237,4.7,0.001500375,8.13,4.74,1.43,,3
352,GK,17,0,0,0.021173799,0,0.002250563,2.1,3.44,3.74,,0
353,GK,17,5.5,0,9.544770458,2.6,0.112528132,2.1,3.44,3.74,,2
376,GK,18,1,1,20.99438627,1.4,0.393223306,4.7,3.95,1.76,,2
389,GK,18,1.333333333,0,1.770823884,0,0.020755189,4.7,3.95,1.76,,0
407,GK,19,0,0,0.148311702,0,0.000125031,1.78,3.72,4.88,,0
408,GK,19,2.666666667,0,2.018798672,3.3,0.001250313,1.78,3.72,4.88,,2
427,GK,20,0,0,0.01820162,0,0,1.77,3.77,4.9,,0
444,GK,20,0,0,0.989973178,0,0.001750438,1.77,3.77,4.9,,0
448,GK,15,0,0,1.646646271,0,0.032883221,4.05,3.58,1.97,,0
452,GK,20,0,0,0.194879793,0,0,1.77,3.77,4.9,,0
475,GK,20,4.666666667,1,2.623696417,1.1,0.092898225,1.77,3.77,4.9,,2
476,GK,4,0,0,0.031017654,0,0,3.29,3.31,2.34,,0
480,GK,5,0,0,0.195212677,0,0,1.97,3.58,4.05,,0
481,GK,8,0.166666667,0,3.537831492,0,0.029632408,6.69,4.24,1.55,,0
486,GK,17,0,0,0.217611013,0,0,2.1,3.44,3.74,,0
489,GK,19,0,0,0.788732923,0,0,1.78,3.72,4.88,,0
490,GK,10,0,0,0.137825856,0,0,1.76,3.95,4.7,,0
509,GK,13,0,0,0.5243636,0,0.000875219,1.55,4.24,6.69,,0
513,GK,14,1.5,0,0.476630415,0,0.000875219,4.9,3.77,1.77,,0
514,GK,14,0,0,0.345628681,0,0.009127282,4.9,3.77,1.77,,0
532,GK,1,0,0,0.556546348,0,0.001125281,2.34,3.31,3.29,,0
556,GK,3,0,0,0.07041685,0,0,4.88,3.72,1.78,,0
559,GK,1,3,1,3.715520204,1.5,0.09539885,2.34,3.31,3.29,,6
561,GK,7,0,0,0.21302197,0,0.002750688,2.84,3.29,2.65,,0
571,GK,8,0,0,0.063568951,0,0.000500125,6.69,4.24,1.55,,0
572,GK,1,0,0,0.125996586,0,0.000875219,2.34,3.31,3.29,,0
573,GK,9,0,0,0.069881858,0,0.000375094,2.65,3.29,2.84,,0
574,GK,18,0,0,0.75882092,0,0.001625406,4.7,3.95,1.76,,0
593,GK,12,0,0,0.391114899,0,0.011752938,2.36,3.61,3.03,,0
596,GK,2,0,0,0.050538921,0,0.000500125,3.74,3.44,2.1,,0
606,GK,6,0,0,0.010985171,0,0,1.43,4.74,8.13,,0
611,GK,20,0,0,0.05332088,0,0,1.77,3.77,4.9,,0
1,GK,1,0,0,0.010246456,0,0.000375,1.45,4.83,7.54,,0
2,GK,1,0,0,0.007837964,0,0.00025,1.45,4.83,7.54,,0
28,GK,2,0,0,0.033655015,0,0.022875,3.62,3.66,2.08,,0
30,GK,2,6,0,0.145373324,1.5,0.004125,3.62,3.66,2.08,,2
54,GK,4,0,0,0.028580563,0,0.068,1.6,4.2,6.06,,0
65,GK,4,0,0,7.97E-05,0,0,1.6,4.2,6.06,,0
69,GK,4,3.25,0,0.233327937,0.9,0.207125,1.6,4.2,6.06,,-1
80,GK,3,1.75,0,0.067652508,0,0.009875,1.65,4.05,5.65,,0
92,GK,3,0,0,8.94E-05,0,0,1.65,4.05,5.65,,0
94,GK,3,0,0,0.007346255,0,0.000625,1.65,4.05,5.65,,0
112,GK,5,2.75,1,0.025660619,3.8,0.000625,13.1,5.91,1.27,,3
114,GK,5,0,0,0.001193388,0,0.000125,13.1,5.91,1.27,,0
117,GK,5,0,0,5.35E-05,0,0,13.1,5.91,1.27,,0
129,GK,6,0,0,0.002531477,0,0.000125,1.27,5.91,13.1,,0
143,GK,6,4,0,0.194113496,1.2,0.020875,1.27,5.91,13.1,,2
146,GK,7,3.5,1,0.064928714,1.5,0.0165,2.36,3.14,3.46,,6
156,GK,7,0,0,0.00329099,0,0,2.36,3.14,3.46,,0
170,GK,8,2.75,1,0.047785555,0.2,0.001625,3.47,3.32,2.27,,6
181,GK,8,0,0,0.011156478,0,0.00075,3.47,3.32,2.27,,0
183,GK,9,0,0,5.23E-05,0,0,2.69,3.49,2.68,,0
199,GK,9,3,0,0.027927313,2.2,0.002,2.69,3.49,2.68,,2
200,GK,10,1.75,1,0.157560603,3.1,0.0045,2.68,3.49,2.69,,3
204,GK,10,0,0,0.04740847,0,0.007625,2.68,3.49,2.69,,0
223,GK,11,0,0,0.002144753,0,0,1.74,4.25,4.5,,0
231,GK,11,2.75,0,0.07786517,0.7,0.00075,1.74,4.25,4.5,,-1
242,GK,11,0,0,0.001129398,0,0.000125,1.74,4.25,4.5,,0
257,GK,12,1.75,0,0.08921141,1.2,0,1.73,4.19,4.71,,0
260,GK,12,1.5,1,0.001959752,0,0.0075,1.73,4.19,4.71,,8
270,GK,13,2,0,0.052428572,3.1,0.000125,4.71,4.19,1.73,,0
280,GK,13,2,1,0.004310526,0,0,4.71,4.19,1.73,,1
294,GK,14,0.75,0,0.00415061,3.5,0,6.06,4.2,1.6,,0
295,GK,14,1.75,0,0.000940797,0,0.007875,6.06,4.2,1.6,,1
313,GK,15,0.75,1,0.006476996,0,0.000625,5.65,4.05,1.65,,4
314,GK,15,3.5,1,0.015376884,5,0.0075,5.65,4.05,1.65,,9
333,GK,16,2.5,1,0.007429523,0,0.018375,2.08,3.66,3.62,,9
334,GK,16,2.5,0,0.030475745,2.1,0.000875,2.08,3.66,3.62,,2
352,GK,17,1,1,0.000192782,0,0.000875,2.27,3.32,3.47,,6
353,GK,17,2,0,0.080560163,1.4,0.03825,2.27,3.32,3.47,,1
376,GK,18,2,1,0.224840438,5.5,0.674625,7.54,4.83,1.45,,11
389,GK,18,0,0,0.011856531,0,0.003625,7.54,4.83,1.45,,0
407,GK,19,0,0,0.001389769,0,0,4.5,4.25,1.74,,0
408,GK,19,4,0,0.021325125,2.6,0.000375,4.5,4.25,1.74,,2
427,GK,20,0,0,0.000164097,0,0,3.46,3.14,2.36,,0
444,GK,20,0,0,0.008600845,0,0.000375,3.46,3.14,2.36,,0
448,GK,15,0,0,0.014804811,0,0.01525,5.65,4.05,1.65,,0
452,GK,20,0,0,0.001835722,0,0,3.46,3.14,2.36,,0
475,GK,20,5.5,0,0.024918759,3.4,0.029,3.46,3.14,2.36,,2
476,GK,4,0,0,0.000375808,0,0,1.6,4.2,6.06,,0
480,GK,5,0,0,0.001829451,0,0,13.1,5.91,1.27,,0
481,GK,8,0,0,0.03293371,0,0.011125,3.47,3.32,2.27,,0
486,GK,17,0,0,0.002000283,0,0,2.27,3.32,3.47,,0
489,GK,19,0,0,0.007368553,0,0,4.5,4.25,1.74,,0
490,GK,9,0,0,0.001280139,0,0,2.69,3.49,2.68,,0
509,GK,13,0,0,0.005039031,0,0.00025,4.71,4.19,1.73,,0
513,GK,14,0,0,0.00395388,0,0,6.06,4.2,1.6,,0
514,GK,14,0,0,0.003201916,0,0.002375,6.06,4.2,1.6,,0
532,GK,1,0,0,0.005480687,0,0.0005,1.45,4.83,7.54,,0
556,GK,3,0.25,1,0.006123486,2.2,0.0065,1.65,4.05,5.65,,2
559,GK,1,5.5,1,0.095729749,0.8,0.652875,1.45,4.83,7.54,,7
561,GK,7,0,0,0.002099345,0,0.00075,2.36,3.14,3.46,,0
571,GK,8,0,0,0.000613533,0,0,3.47,3.32,2.27,,0
572,GK,1,0,0,0.001350865,0,0.00025,1.45,4.83,7.54,,0
573,GK,10,0,0,0.000730944,0,0.00025,2.68,3.49,2.69,,0
574,GK,18,0,0,0.00716648,0,0.0015,7.54,4.83,1.45,,0
593,GK,12,0,0,0.009847538,0,0.0045,1.73,4.19,4.71,,0
596,GK,2,0,0,0.000658128,0,0.000625,3.62,3.66,2.08,,0
606,GK,6,0,0,0.000249106,0,0,1.27,5.91,13.1,,0
611,GK,20,0,0,0.001828986,0,0.000375,3.46,3.14,2.36,,0
3,MID,1,0,0,0.092113753,0,0,2.34,3.31,3.29,,0
7,MID,1,0.666666667,1,0.376907886,0,0.000125031,2.34,3.31,3.29,,0
12,MID,1,0.166666667,0,0.367373138,0,0.000625156,2.34,3.31,3.29,,0
13,MID,1,1,0,0.058349806,0,0,2.34,3.31,3.29,,1
15,MID,1,0.833333333,1,0.179044026,2.3,0.000125031,2.34,3.31,3.29,,2
17,MID,1,2.166666667,0,1.167126899,1.3,0.002375594,2.34,3.31,3.29,,1
18,MID,1,0,0,0.182729527,0,0.000625156,2.34,3.31,3.29,,0
19,MID,14,1.666666667,0,0.773289485,0.2,0.000250063,4.9,3.77,1.77,,1
21,MID,1,3.666666667,1,5.071356653,5.9,0.03875969,2.34,3.31,3.29,,3
22,MID,1,4.333333333,1,10.83714495,4.8,0.133283321,2.34,3.31,3.29,,3
25,MID,1,0,0,0.001343425,0,0,2.34,3.31,3.29,,0
26,MID,1,0.666666667,0,0.178092929,0,0,2.34,3.31,3.29,,0
29,MID,2,0,0,0.019580711,0,0,3.74,3.44,2.1,,0
32,MID,2,1,0,0.435222026,0.2,0.000250063,3.74,3.44,2.1,,1
33,MID,12,4,0,17.53104946,2.5,0.022005501,2.36,3.61,3.03,,2
34,MID,2,0,0,0.011567718,0,0,3.74,3.44,2.1,,0
35,MID,2,2.333333333,0,0.685978772,3.9,0.000375094,3.74,3.44,2.1,,2
37,MID,2,0,0,0.00970119,0,0,3.74,3.44,2.1,,0
41,MID,2,0.833333333,0,0.226551326,0,0.000125031,3.74,3.44,2.1,,0
42,MID,2,1.833333333,0,0.606157949,0,0.000500125,3.74,3.44,2.1,,0
43,MID,2,2.5,0,1.359284176,0.2,0.0020005,3.74,3.44,2.1,,1
50,MID,2,3.166666667,1,3.143684971,5.4,0.033508377,3.74,3.44,2.1,,2
51,MID,2,1.666666667,1,0.506411643,4.6,0.00100025,3.74,3.44,2.1,,1
53,MID,4,1.833333333,0,0.207731492,4.6,0.000125031,3.29,3.31,2.34,,3
55,MID,4,2.666666667,0,0.380783607,8.1,0.000625156,3.29,3.31,2.34,,3
57,MID,4,0,0,0.000570658,0,0,3.29,3.31,2.34,,0
60,MID,4,1.166666667,0,0.056804273,3.9,0,3.29,3.31,2.34,,1
64,MID,4,4,0,1.205955437,11.4,0.002125531,3.29,3.31,2.34,,3
66,MID,4,0,0,0.001367202,0,0,3.29,3.31,2.34,,0
70,MID,4,2.666666667,0,14.0477396,0,0.092648162,3.29,3.31,2.34,,0
73,MID,4,0.5,1,0.041919604,0,0,3.29,3.31,2.34,,0
74,MID,4,2.833333333,0,0.459510668,1.4,0.000250063,3.29,3.31,2.34,,1
75,MID,4,1.666666667,1,0.795176606,3,0.001125281,3.29,3.31,2.34,,3
77,MID,3,3,0,1.027624734,1.6,0.000375094,4.88,3.72,1.78,,1
79,MID,3,0,0,0.040219518,0,0,4.88,3.72,1.78,,0
81,MID,3,3.833333333,0,2.149610187,4.3,0.000750188,4.88,3.72,1.78,,4
82,MID,3,0,0,0.0097963,0,0,4.88,3.72,1.78,,0
84,MID,3,3.833333333,1,0.350300945,0,0.000750188,4.88,3.72,1.78,,0
85,MID,3,0.5,0,0.038507543,0,0.000125031,4.88,3.72,1.78,,0
86,MID,3,0.333333333,1,0.02966234,4.9,0.000125031,4.88,3.72,1.78,,2
93,MID,3,0,0,0.848152714,0,0.000875219,4.88,3.72,1.78,,0
96,MID,3,3.166666667,1,0.97951111,9.3,0.026006502,4.88,3.72,1.78,,8
97,MID,3,0.333333333,1,0.077217195,0,0.000125031,4.88,3.72,1.78,,1
101,MID,5,0.666666667,0,0.155314154,0,0.000125031,1.97,3.58,4.05,,0
102,MID,5,0,0,0.018534504,0,0,1.97,3.58,4.05,,0
107,MID,5,2.666666667,1,0.448038059,5.9,0.000125031,1.97,3.58,4.05,,3
108,MID,5,2,0,0.082638448,3,0,1.97,3.58,4.05,,1
115,MID,5,1.5,1,2.880397521,9.7,0.24256064,1.97,3.58,4.05,,2
116,MID,5,0,0,0.002639294,0,0,1.97,3.58,4.05,,0
118,MID,5,2.166666667,1,0.26560575,4.4,0.00100025,1.97,3.58,4.05,,3
123,MID,6,2.333333333,0,3.794901145,0.2,0.000875219,1.43,4.74,8.13,,1
124,MID,6,0,1,0.091067546,0.4,0,1.43,4.74,8.13,,1
125,MID,6,5.166666667,0,8.331765014,4.2,0.016254064,1.43,4.74,8.13,,2
130,MID,6,1.5,0,2.709330821,0,0.001125281,1.43,4.74,8.13,,0
131,MID,6,0.666666667,0,0.354949432,0,0,1.43,4.74,8.13,,0
132,MID,6,0.166666667,1,0.064103943,5.9,0,1.43,4.74,8.13,,6
137,MID,6,1.333333333,0,0.53508722,0,0,1.43,4.74,8.13,,0
138,MID,6,2.5,0,8.775095142,5.9,0.009127282,1.43,4.74,8.13,,1
140,MID,6,0.5,1,0.11283578,3.7,0,1.43,4.74,8.13,,2
141,MID,6,3,0,4.527673894,0,0.004126032,1.43,4.74,8.13,,0
144,MID,7,5.333333333,0,8.24539351,5.4,0.05663916,2.84,3.29,2.65,,2
145,MID,15,1.5,0,6.255472523,0,0.085146287,4.05,3.58,1.97,,0
148,MID,7,2.833333333,0,3.85399994,4.2,0.029882471,2.84,3.29,2.65,,1
152,MID,7,0.666666667,1,0.044891782,3.5,0,2.84,3.29,2.65,,2
154,MID,7,4.833333333,1,6.802460345,8.6,0.014378595,2.84,3.29,2.65,,2
155,MID,7,1,1,0.040433515,7.8,0,2.84,3.29,2.65,,6
157,MID,7,0.5,0,0.030423218,0,0,2.84,3.29,2.65,,0
160,MID,7,0,0,0.026868493,0,0,2.84,3.29,2.65,,0
163,MID,8,0.166666667,0,0.420908015,0,0.004876219,6.69,4.24,1.55,,0
164,MID,8,0,0,0.901057489,0,0,6.69,4.24,1.55,,0
166,MID,8,0,0,0.582297301,0,0,6.69,4.24,1.55,,0
167,MID,8,0,0,0.002746293,0,0,6.69,4.24,1.55,,0
171,MID,8,3.666666667,1,6.839125138,1.2,0.056139035,6.69,4.24,1.55,,2
172,MID,8,0.5,0,0.104501792,0,0,6.69,4.24,1.55,,0
173,MID,8,6.333333333,1,4.968543058,9.3,0.030007502,6.69,4.24,1.55,,5
174,MID,8,2.166666667,0,0.193595812,0,0,6.69,4.24,1.55,,0
176,MID,8,0.333333333,1,0.083113996,0.3,0,6.69,4.24,1.55,,1
182,MID,10,0,0,0.002246967,0,0,1.76,3.95,4.7,,0
186,MID,10,3,1,0.676990905,7.3,0.002875719,1.76,3.95,4.7,,3
188,MID,10,2.5,0,7.042386474,8.3,0.00700175,1.76,3.95,4.7,,3
191,MID,10,1.5,1,1.832264756,1.2,0.000375094,1.76,3.95,4.7,,3
192,MID,10,0.166666667,0,0.066232023,0,0,1.76,3.95,4.7,,0
193,MID,10,0.833333333,0,0.065055041,2.8,0,1.76,3.95,4.7,,1
195,MID,10,0,0,0.030482662,0,0,1.76,3.95,4.7,,0
196,MID,10,4.666666667,1,19.04555268,3.9,0.688672168,1.76,3.95,4.7,,3
197,MID,10,1.333333333,1,0.165158009,2.5,0.000125031,1.76,3.95,4.7,,3
202,MID,9,1.5,0,0.199635278,0.2,0.000250063,2.65,3.29,2.84,,1
203,MID,9,0,0,1.869737981,0,0.031632908,2.65,3.29,2.84,,0
206,MID,9,0,0,0.023682317,0,0,2.65,3.29,2.84,,0
210,MID,9,4.333333333,1,4.400999651,3.9,0.009627407,2.65,3.29,2.84,,1
211,MID,9,0.166666667,0,0.113228108,0,0.000125031,2.65,3.29,2.84,,0
212,MID,9,1.833333333,0,4.235425537,2.2,0.001125281,2.65,3.29,2.84,,1
214,MID,9,0,1,0.124510497,1.7,0,2.65,3.29,2.84,,1
215,MID,9,2,1,3.835536768,6.1,0.010377594,2.65,3.29,2.84,,4
216,MID,9,2,0,1.327755307,0,0.000375094,2.65,3.29,2.84,,0
221,MID,11,0.833333333,0,0.086799498,3.2,0.000125031,3.03,3.61,2.36,,1
222,MID,11,2.5,1,0.993682457,1.8,0.000375094,3.03,3.61,2.36,,2
225,MID,11,2,0,0.477890619,0,0,3.03,3.61,2.36,,0
226,MID,11,0,0,0.045712104,0,0,3.03,3.61,2.36,,0
227,MID,11,0.666666667,0,0.12615114,0,0,3.03,3.61,2.36,,0
230,MID,11,5.666666667,0,2.590396131,5.3,0.005626407,3.03,3.61,2.36,,7
232,MID,11,3,1,0.932408027,3.8,0,3.03,3.61,2.36,,1
233,MID,11,9.5,0,58.45591291,15.7,0.995373843,3.03,3.61,2.36,,13
236,MID,11,0,0,0.055187408,0,0,3.03,3.61,2.36,,0
239,MID,11,2.166666667,0,0.19860096,0,0.000125031,3.03,3.61,2.36,,0
240,MID,11,5,0,17.49946114,2.5,0.325456364,3.03,3.61,2.36,,2
244,MID,11,1.5,1,0.170103714,3.6,0.000750188,3.03,3.61,2.36,,7
250,MID,12,3.166666667,0,2.600525315,0,0.003500875,2.36,3.61,3.03,,0
251,MID,12,0.833333333,1,1.657785996,11,0.000250063,2.36,3.61,3.03,,8
254,MID,12,2.333333333,0,2.423787699,0,0,2.36,3.61,3.03,,0
255,MID,12,2.333333333,0,1.395330755,2.1,0.185046262,2.36,3.61,3.03,,1
261,MID,12,3.833333333,0,1.620372214,3.6,0.084771193,2.36,3.61,3.03,,1
265,MID,12,0.666666667,1,0.902567356,13,0.000125031,2.36,3.61,3.03,,7
266,MID,12,2.5,1,0.576079504,1.7,0.003625906,2.36,3.61,3.03,,2
267,MID,10,1.5,0,1.431436778,0,0.036509127,1.76,3.95,4.7,,0
268,MID,12,4.333333333,0,8.551016669,0,0,2.36,3.61,3.03,,0
271,MID,13,1.5,0,0.348327419,0,0.010877719,1.55,4.24,6.69,,0
272,MID,13,5.833333333,0,21.8182979,2.3,0.002125531,1.55,4.24,6.69,,1
274,MID,13,2,0,0.476083534,3.2,0.326706677,1.55,4.24,6.69,,2
276,MID,13,2.333333333,0,1.317507236,0,0.054263566,1.55,4.24,6.69,,0
277,MID,13,5.5,0,26.72560219,6.7,0,1.55,4.24,6.69,,5
281,MID,13,0,0,0.14231979,0,0,1.55,4.24,6.69,,0
282,MID,13,0.166666667,0,0.111682575,0,0.000250063,1.55,4.24,6.69,,0
285,MID,13,1.333333333,1,0.243659184,6.3,0,1.55,4.24,6.69,,2
287,MID,10,1.166666667,1,0.540877023,2.9,0.001500375,1.76,3.95,4.7,,3
289,MID,13,5.833333333,0,15.94944634,3.8,0.108777194,1.55,4.24,6.69,,1
291,MID,14,0.166666667,0,0.048660505,0,0.000250063,4.9,3.77,1.77,,0
297,MID,14,0.166666667,1,0.040885286,4.7,0,4.9,3.77,1.77,,6
298,MID,14,1.166666667,0,0.065280926,0,0,4.9,3.77,1.77,,0
304,MID,14,2.666666667,0,0.772718826,0.7,0,4.9,3.77,1.77,,1
306,MID,14,1.333333333,1,0.123785286,2,0.085771443,4.9,3.77,1.77,,2
308,MID,14,1.833333333,1,0.363152644,0.6,0.001875469,4.9,3.77,1.77,,2
309,MID,14,2.666666667,1,0.749167285,2.5,0.000125031,4.9,3.77,1.77,,2
312,MID,14,0,0,0.056293059,0,0.008627157,4.9,3.77,1.77,,0
316,MID,15,0,0,0.000570658,0,0.000125031,4.05,3.58,1.97,,0
317,MID,15,1,0,0.123844729,0.2,0.000125031,4.05,3.58,1.97,,1
318,MID,15,1.5,1,0.047459745,2.1,0,4.05,3.58,1.97,,3
320,MID,15,0,0,0.023337545,0,0,4.05,3.58,1.97,,0
323,MID,15,0.666666667,0,0.037663445,0,0,4.05,3.58,1.97,,0
325,MID,15,1,0,0.329674027,0,0.001750438,4.05,3.58,1.97,,0
328,MID,15,0,0,0.012340485,0,0.000375094,4.05,3.58,1.97,,0
330,MID,15,0,0,0.000392328,0,0.132783196,4.05,3.58,1.97,,0
332,MID,16,0.5,0,0.104929786,2.2,0.004251063,8.13,4.74,1.43,,1
335,MID,16,1.833333333,0,0.614872376,3.9,0,8.13,4.74,1.43,,1
336,MID,16,1.666666667,1,0.094955155,1.6,0.04076019,8.13,4.74,1.43,,2
339,MID,16,0,0,0.12319085,0,0.001125281,8.13,4.74,1.43,,0
341,MID,16,3.333333333,0,3.018615704,5,0,8.13,4.74,1.43,,4
346,MID,16,0.166666667,1,0.057374932,1.7,0.000125031,8.13,4.74,1.43,,2
347,MID,16,0,0,0.017060304,0,0.047511878,8.13,4.74,1.43,,0
349,MID,16,0.666666667,0,0.127827448,1.5,0,8.13,4.74,1.43,,1
350,MID,16,1.166666667,0,0.059289015,0.2,0,8.13,4.74,1.43,,0
354,MID,18,1.166666667,1,2.982818788,2.1,0,4.7,3.95,1.76,,2
356,MID,17,0,0,0.004184827,0,0.001500375,2.1,3.44,3.74,,0
359,MID,17,5.333333333,1,12.19025889,12.6,0,2.1,3.44,3.74,,10
362,MID,17,1.5,1,0.621648943,6.1,0.001125281,2.1,3.44,3.74,,2
363,MID,17,3.166666667,0,2.088621086,0,0,2.1,3.44,3.74,,0
365,MID,17,2.333333333,1,1.926554143,5.9,0.001750438,2.1,3.44,3.74,,10
366,MID,17,0.333333333,0,1.308673922,0,0.001125281,2.1,3.44,3.74,,0
369,MID,17,2.5,0,0.398949561,0,0.000375094,2.1,3.44,3.74,,0
372,MID,17,0.666666667,0,0.109863602,3.6,0,2.1,3.44,3.74,,1
373,MID,17,1.666666667,0,1.343971513,1.2,0.004376094,2.1,3.44,3.74,,1
375,MID,17,0.666666667,1,0.245906151,3.8,0.000125031,2.1,3.44,3.74,,2
378,MID,18,0.166666667,0,0.030126,0,0,4.7,3.95,1.76,,0
381,MID,18,1.833333333,0,0.140952588,0,0.000125031,4.7,3.95,1.76,,0
385,MID,18,0,0,0.008262656,0,0,4.7,3.95,1.76,,0
386,MID,7,0,0,0.045272221,0,0,2.84,3.29,2.65,,0
391,MID,18,0.833333333,0,0.035036039,0.4,0,4.7,3.95,1.76,,1
392,MID,18,0,0,0.003614169,0,0,4.7,3.95,1.76,,0
394,MID,18,0,0,0.017048415,0,0.000250063,4.7,3.95,1.76,,0
397,MID,18,0,0,0.042621038,0,0.000125031,4.7,3.95,1.76,,0
399,MID,18,6.5,0,18.78390587,1.5,0.6024006,4.7,3.95,1.76,,1
402,MID,18,0,0,0.017737961,0,0,4.7,3.95,1.76,,0
403,MID,18,0.166666667,0,0.02522785,0,0,4.7,3.95,1.76,,0
405,MID,18,0,0,0.08917724,0,0,4.7,3.95,1.76,,0
406,MID,19,0,0,0.567769293,0,0.000750188,1.78,3.72,4.88,,0
412,MID,19,1,0,0.13899095,0,0,1.78,3.72,4.88,,0
416,MID,19,0.333333333,0,0.120706109,0,0,1.78,3.72,4.88,,0
419,MID,19,7,0,37.04747841,7.8,0.42448112,1.78,3.72,4.88,,2
420,MID,19,3.166666667,1,0.874165219,10.4,0.002750688,1.78,3.72,4.88,,7
421,MID,19,3.166666667,1,4.679373879,2.9,0.002375594,1.78,3.72,4.88,,1
422,MID,19,3.166666667,1,6.017115705,5.9,0.005501375,1.78,3.72,4.88,,8
423,MID,19,4.333333333,0,2.911855057,4.1,0.005751438,1.78,3.72,4.88,,2
426,MID,20,2.5,1,0.672603969,3.9,0.001500375,1.77,3.77,4.9,,2
434,MID,20,0.833333333,1,0.129420536,1.5,0.000125031,1.77,3.77,4.9,,1
435,MID,20,2,0,3.458783435,0,0.048762191,1.77,3.77,4.9,,1
436,MID,20,1.666666667,0,1.090527917,2.9,0.000625156,1.77,3.77,4.9,,2
438,MID,20,1,1,0.098581213,0,0.000125031,1.77,3.77,4.9,,0
440,MID,20,0.166666667,0,0.19027886,0,0.003250813,1.77,3.77,4.9,,0
441,MID,20,0,0,0.021399684,0,0,1.77,3.77,4.9,,0
442,MID,20,0,0,0.122049533,0,0.000125031,1.77,3.77,4.9,,0
449,MID,15,1.666666667,0,0.127672895,0.2,0.000125031,4.05,3.58,1.97,,1
453,MID,12,1.166666667,0,0.386585299,0,0.000125031,2.36,3.61,3.03,,0
458,MID,9,1,1,0.070167187,0.6,0,2.65,3.29,2.84,,1
459,MID,13,0,0,0.055032855,0,0,1.55,4.24,6.69,,0
461,MID,20,2,0,0.747716862,3.1,0.003125781,1.77,3.77,4.9,,2
462,MID,4,0.333333333,0,0.049361939,0,0,3.29,3.31,2.34,,0
464,MID,7,0.333333333,1,0.025536957,10.7,0,2.84,3.29,2.65,,7
467,MID,18,1.166666667,0,0.252230947,0,0.000125031,4.7,3.95,1.76,,0
471,MID,15,1.833333333,0,0.090722773,2.3,0.000125031,4.05,3.58,1.97,,3
478,MID,1,1.166666667,1,0.169176394,2.2,0,2.34,3.31,3.29,,3
479,MID,3,1.5,0,0.068324437,1.1,0,4.88,3.72,1.78,,2
482,MID,8,5.5,1,3.451222213,11.8,0.040260065,6.69,4.24,1.55,,10
484,MID,8,5.666666667,0,18.80414046,5.4,0.191922981,6.69,4.24,1.55,,2
485,MID,13,1.333333333,0,2.028392863,6.1,0,1.55,4.24,6.69,,1
487,MID,17,0.5,1,0.082911888,0,0,2.1,3.44,3.74,,1
492,MID,2,2.333333333,0,0.575699065,0,0.000500125,3.74,3.44,2.1,,0
495,MID,18,1.666666667,1,0.041111171,3,0,4.7,3.95,1.76,,2
496,MID,2,0,0,0.192181055,0,0,3.74,3.44,2.1,,0
497,MID,2,0.166666667,0,0.015110555,0,0,3.74,3.44,2.1,,0
499,MID,3,0.833333333,1,0.03308629,2,0,4.88,3.72,1.78,,1
503,MID,8,0.333333333,1,0.062665409,4.1,0.000125031,6.69,4.24,1.55,,2
504,MID,8,0,0,0.032099527,0,0,6.69,4.24,1.55,,0
505,MID,9,0.166666667,0,0.042846924,0,0.000125031,2.65,3.29,2.84,,0
506,MID,11,1.5,0,0.10424024,0,0.000125031,3.03,3.61,2.36,,0
507,MID,12,0.166666667,0,0.0647816,0,0,2.36,3.61,3.03,,0
508,MID,12,0,0,0.016656088,0,0,2.36,3.61,3.03,,0
511,MID,13,0,0,0.010711731,0,0,1.55,4.24,6.69,,0
512,MID,13,0,0,0.016549089,0,0,1.55,4.24,6.69,,0
517,MID,16,2.666666667,0,0.16607344,0.1,0.004876219,8.13,4.74,1.43,,1
522,MID,19,0,0,0.061619202,0,0.000125031,1.78,3.72,4.88,,0
524,MID,3,1.333333333,1,0.053986648,5,0,4.88,3.72,1.78,,8
526,MID,2,0.333333333,0,0.040148186,0,0.000125031,3.74,3.44,2.1,,0
528,MID,15,0.666666667,0,0.063913724,0,0,4.05,3.58,1.97,,0
531,MID,1,0.166666667,0,0.009023534,0,0,2.34,3.31,3.29,,0
537,MID,4,0.166666667,0,0.035642363,0,0,3.29,3.31,2.34,,0
538,MID,4,0,0,0.006479349,0,0,3.29,3.31,2.34,,0
541,MID,7,0.166666667,0,0.020305923,0,0,2.84,3.29,2.65,,0
543,MID,7,0,0,0.033656948,0,0,2.84,3.29,2.65,,0
547,MID,20,0,0,0.090889215,0,0,1.77,3.77,4.9,,0
548,MID,20,0,0,0.339268219,0,0,1.77,3.77,4.9,,0
551,MID,10,0.333333333,1,0.069204202,0,0.000125031,1.76,3.95,4.7,,0
552,MID,10,0,0,0.015883321,0,0,1.76,3.95,4.7,,0
553,MID,11,0,0,0.018463172,0,0,3.03,3.61,2.36,,0
557,MID,18,0.166666667,1,0.013731464,0.5,0,4.7,3.95,1.76,,1
558,MID,1,2.833333333,0,2.814331939,0.7,0.013378345,2.34,3.31,3.29,,3
566,MID,12,0,0,0.003982719,0,0,2.36,3.61,3.03,,0
575,MID,5,0.333333333,1,0.013137028,3.4,0,1.97,3.58,4.05,,1
576,MID,10,0,0,0.012649591,0,0,1.76,3.95,4.7,,0
578,MID,5,1,1,0.034679377,0,0,1.97,3.58,4.05,,0
581,MID,15,1.166666667,1,0.113822544,9.6,0.000875219,4.05,3.58,1.97,,2
582,MID,19,0.666666667,0,0.054747526,0,0.000125031,1.78,3.72,4.88,,0
587,MID,9,0.833333333,1,0.066493575,1.8,0.000125031,2.65,3.29,2.84,,2
589,MID,19,0,0,0.068467101,0,0,1.78,3.72,4.88,,0
592,MID,6,0.166666667,0,0.172695453,0,0,1.43,4.74,8.13,,0
597,MID,17,0,0,0.01155583,0,0,2.1,3.44,3.74,,0
599,MID,14,0,0,0.062415746,0,0,4.9,3.77,1.77,,0
600,MID,10,0,0,0.004149161,0,0,1.76,3.95,4.7,,0
601,MID,10,0,0,0.004755485,0,0,1.76,3.95,4.7,,0
605,MID,12,0,0,0.004600932,0,0,2.36,3.61,3.03,,0
609,MID,14,0,0,0.006312907,0,0,4.9,3.77,1.77,,0
612,MID,4,0,0,0,0,0,3.29,3.31,2.34,,0
613,MID,8,0,0,0,0,0,6.69,4.24,1.55,,0
3,MID,1,0,0,0.000834767,0,0,1.45,4.83,7.54,,0
7,MID,1,0.5,0,0.002994269,0,0,1.45,4.83,7.54,,0
12,MID,1,0,1,0.003367638,3.1,0.000125,1.45,4.83,7.54,,1
13,MID,1,0.75,1,0.000562783,3.2,0,1.45,4.83,7.54,,3
15,MID,1,3.75,0,0.004105667,0,0.00025,1.45,4.83,7.54,,0
17,MID,1,0.5,0,0.009226572,0,0,1.45,4.83,7.54,,0
18,MID,1,0,0,0.001537491,0,0,1.45,4.83,7.54,,0
19,MID,14,1.25,0,0.005630383,0,0,6.06,4.2,1.6,,0
21,MID,1,9.25,0,0.191879553,4.9,0.275375,1.45,4.83,7.54,,8
22,MID,1,6,0,0.100338041,5.8,0.081875,1.45,4.83,7.54,,3
25,MID,1,0,0,1.22E-05,0,0,1.45,4.83,7.54,,0
26,MID,1,0.25,1,0.001581273,0.2,0,1.45,4.83,7.54,,1
29,MID,2,0,0,0.000168626,0,0,3.62,3.66,2.08,,0
32,MID,2,0.25,0,0.003573659,0,0,3.62,3.66,2.08,,0
33,MID,12,3.25,0,0.136681663,0,0.016875,1.73,4.19,4.71,,0
34,MID,2,0,0,0.000124495,0,0,3.62,3.66,2.08,,0
35,MID,2,1.5,0,0.010004086,3.9,0,3.62,3.66,2.08,,2
37,MID,2,0,0,0.000104172,0,0,3.62,3.66,2.08,,0
41,MID,2,0.5,1,0.002000167,1.7,0.000125,3.62,3.66,2.08,,2
42,MID,2,0.5,1,0.004427821,4.9,0,3.62,3.66,2.08,,1
43,MID,2,2,1,0.011042783,8.5,0.00025,3.62,3.66,2.08,,2
50,MID,2,2.5,0,0.029714723,0,0.064125,3.62,3.66,2.08,,0
51,MID,2,2.75,0,0.006078077,2.1,0.000875,3.62,3.66,2.08,,1
53,MID,4,2.5,1,0.002363665,2.6,0,1.6,4.2,6.06,,1
55,MID,4,2,0,0.003307481,0,0.000125,1.6,4.2,6.06,,0
57,MID,4,0,0,4.99E-06,0,0,1.6,4.2,6.06,,0
60,MID,4,2,1,0.000644192,2,0,1.6,4.2,6.06,,3
64,MID,4,3.75,1,0.021129091,16.4,0.015375,1.6,4.2,6.06,,10
66,MID,4,0,0,1.31E-05,0,0,1.6,4.2,6.06,,0
70,MID,4,0.25,1,0.099533236,3.1,0.017125,1.6,4.2,6.06,,1
73,MID,4,0.25,0,0.000301599,0,0,1.6,4.2,6.06,,0
74,MID,4,2,0,0.004034941,1.8,0,1.6,4.2,6.06,,1
75,MID,4,1.75,0,0.007325467,0,0.000875,1.6,4.2,6.06,,0
77,MID,3,2.75,1,0.010219978,8.4,0.000625,1.65,4.05,5.65,,2
79,MID,3,0,0,0.000393576,0,0,1.65,4.05,5.65,,0
81,MID,3,2.5,0,0.019813996,9.4,0.000375,1.65,4.05,5.65,,2
82,MID,3,0,0,9.08E-05,0,0,1.65,4.05,5.65,,0
84,MID,3,2.75,0,0.001586383,0.8,0,1.65,4.05,5.65,,1
85,MID,3,1.5,1,0.000430042,4,0,1.65,4.05,5.65,,4
86,MID,3,2.75,0,0.001115346,14.1,0.00025,1.65,4.05,5.65,,2
93,MID,3,0,0,0.007301776,0,0.000125,1.65,4.05,5.65,,0
96,MID,3,2.75,0,0.046950672,7.7,0.544625,1.65,4.05,5.65,,2
97,MID,3,0.25,0,0.000723512,0,0,1.65,4.05,5.65,,0
101,MID,5,0.25,0,0.00139755,0,0.000125,13.1,5.91,1.27,,0
102,MID,5,0,0,0.000207414,0,0,13.1,5.91,1.27,,0
107,MID,5,3.25,0,0.003434067,2.2,0,13.1,5.91,1.27,,1
108,MID,5,1,1,0.00061783,2.7,0,13.1,5.91,1.27,,2
115,MID,5,2,0,0.039993348,1.7,0.394625,13.1,5.91,1.27,,1
116,MID,5,0,0,2.37E-05,0,0,13.1,5.91,1.27,,0
118,MID,5,2.75,1,0.001923054,2.1,0.000125,13.1,5.91,1.27,,2
123,MID,6,4.75,1,0.044389,6.2,0.000125,1.27,5.91,13.1,,2
124,MID,6,0.75,1,0.000920358,9.2,0,1.27,5.91,13.1,,3
125,MID,6,3.75,0,0.051486845,0,0.0055,1.27,5.91,13.1,,0
130,MID,6,0.75,1,0.025689653,2.7,0.00025,1.27,5.91,13.1,,2
131,MID,6,0.75,1,0.004154675,0,0.000125,1.27,5.91,13.1,,0
132,MID,6,3.75,0,0.001807501,0.5,0.000125,1.27,5.91,13.1,,1
137,MID,6,0,1,0.005236923,0.6,0,1.27,5.91,13.1,,1
138,MID,6,6.25,0,0.158728557,2.1,0.090375,1.27,5.91,13.1,,1
140,MID,6,4,0,0.006956395,12.8,0.002875,1.27,5.91,13.1,,2
141,MID,6,2.5,1,0.075106187,9.1,0.229625,1.27,5.91,13.1,,8
144,MID,7,5.25,1,0.113328383,13.5,0.091875,2.36,3.14,3.46,,11
145,MID,15,0,0,0.046541301,0,0.01625,5.65,4.05,1.65,,0
148,MID,7,2.5,1,0.034220237,4.5,0.013625,2.36,3.14,3.46,,6
152,MID,7,1.75,0,0.000460353,0,0,2.36,3.14,3.46,,0
154,MID,7,4.75,1,0.068944493,10,0.011125,2.36,3.14,3.46,,8
155,MID,7,2.25,0,0.000419939,1.6,0,2.36,3.14,3.46,,1
157,MID,7,0,0,0.000296953,0,0,2.36,3.14,3.46,,0
160,MID,7,0,0,0.00025712,0,0,2.36,3.14,3.46,,0
163,MID,8,0.25,1,0.003181128,2.7,0.001375,3.47,3.32,2.27,,0
164,MID,8,0,0,0.007474234,0,0,3.47,3.32,2.27,,0
166,MID,8,0,0,0.005282795,0,0,3.47,3.32,2.27,,0
167,MID,8,0,0,2.59E-05,0,0,3.47,3.32,2.27,,0
171,MID,8,2.75,0,0.06125007,5.7,0.020375,3.47,3.32,2.27,,3
172,MID,8,0,0,0.000802947,0,0,3.47,3.32,2.27,,0
173,MID,8,4,0,0.021072302,0,0.00225,3.47,3.32,2.27,,0
174,MID,8,3.25,1,0.001717962,0,0,3.47,3.32,2.27,,0
176,MID,8,2.25,0,0.000985973,3.4,0,3.47,3.32,2.27,,1
182,MID,9,0,0,2.06E-05,0,0,2.69,3.49,2.68,,0
186,MID,9,2.5,0,0.005154468,0,0.000125,2.69,3.49,2.68,,0
188,MID,9,2.5,0,0.050151543,5.1,0.00125,2.69,3.49,2.68,,2
191,MID,9,2.5,1,0.014311708,6,0.00025,2.69,3.49,2.68,,2
192,MID,9,0,0,0.000549195,0,0,2.69,3.49,2.68,,0
193,MID,9,0.75,1,0.000606914,0.6,0,2.69,3.49,2.68,,1
195,MID,9,0,0,0.000245971,0,0,2.69,3.49,2.68,,0
196,MID,9,5.25,1,0.188487875,11.8,0.646125,2.69,3.49,2.68,,9
197,MID,9,1.75,0,0.001493476,0,0,2.69,3.49,2.68,,0
202,MID,10,0.25,0,0.001281184,0,0,2.68,3.49,2.69,,0
203,MID,10,0,0,0.012770269,0,0.006875,2.68,3.49,2.69,,0
206,MID,10,0,0,0.000199982,0,0,2.68,3.49,2.69,,0
210,MID,10,5,0,0.087201139,5.4,0.0035,2.68,3.49,2.69,,2
211,MID,10,0.25,0,0.001087706,0,0,2.68,3.49,2.69,,0
212,MID,10,3,0,0.038503239,0.6,0.000375,2.68,3.49,2.69,,1
214,MID,10,0.25,0,0.001241118,0,0.000125,2.68,3.49,2.69,,0
215,MID,10,1.5,1,0.025046157,7.6,0.001,2.68,3.49,2.69,,10
216,MID,10,0.5,0,0.008876778,3.1,0,2.68,3.49,2.69,,1
221,MID,11,0.5,0,0.000861246,0,0,1.74,4.25,4.5,,0
222,MID,11,6.25,0,0.018594362,8.2,0.001375,1.74,4.25,4.5,,2
225,MID,11,0,1,0.003807087,3.2,0,1.74,4.25,4.5,,1
226,MID,11,0,0,0.00041959,0,0,1.74,4.25,4.5,,0
227,MID,11,2,1,0.001328683,2.7,0,1.74,4.25,4.5,,2
230,MID,11,4.25,1,0.039433585,9,0.003,1.74,4.25,4.5,,2
232,MID,11,1.5,0,0.006793808,1.7,0.000125,1.74,4.25,4.5,,2
233,MID,11,12.25,0,0.710342917,8.3,0.90325,1.74,4.25,4.5,,5
236,MID,11,0,1,0.0005082,0.2,0,1.74,4.25,4.5,,1
239,MID,11,3.5,0,0.002881155,0,0.0005,1.74,4.25,4.5,,0
240,MID,11,5.25,0,0.124618531,3.7,0.055,1.74,4.25,4.5,,2
244,MID,11,5,0,0.00223255,0,0.00075,1.74,4.25,4.5,,0
250,MID,12,0.5,1,0.024730739,2.9,0.009125,1.73,4.19,4.71,,3
251,MID,12,3,1,0.031616757,11.7,0.000625,1.73,4.19,4.71,,6
254,MID,12,0.5,0,0.024080275,0,0,1.73,4.19,4.71,,0
255,MID,12,1.25,1,0.011716706,0,0.776,1.73,4.19,4.71,,14
261,MID,12,1.75,1,0.055870884,10,0.079375,1.73,4.19,4.71,,6
265,MID,12,3.5,0,0.144933062,5.6,0,1.73,4.19,4.71,,3
266,MID,12,1.75,0,0.006575826,5.1,0.000125,1.73,4.19,4.71,,2
267,MID,9,0.25,0,0.01052866,5.2,0,2.69,3.49,2.68,,0
268,MID,12,2.25,1,0.025739706,0,0.00025,1.73,4.19,4.71,,0
271,MID,13,-0.5,1,0.003330824,0,0,4.71,4.19,1.73,,0
272,MID,13,1.75,1,0.089237772,0,0.000125,4.71,4.19,1.73,,1
274,MID,13,1.75,1,0.004133539,2.4,0.002125,4.71,4.19,1.73,,1
276,MID,13,1.75,1,0.010904701,0,0.00075,4.71,4.19,1.73,,2
277,MID,13,1.25,0,0.189704025,2.4,0,4.71,4.19,1.73,,0
281,MID,13,0,1,0.008404115,0,0,4.71,4.19,1.73,,1
282,MID,13,0,1,0.001161451,0,0,4.71,4.19,1.73,,1
285,MID,13,1.25,0,0.002694993,1.2,0,4.71,4.19,1.73,,-2
287,MID,9,2.5,1,0.004874006,2.8,0.000125,2.69,3.49,2.68,,1
289,MID,13,0.5,1,0.096613409,0.7,0.02175,4.71,4.19,1.73,,2
291,MID,14,0.25,1,0.000476728,0.9,0,6.06,4.2,1.6,,2
297,MID,14,2.5,0,0.000492406,0,0,6.06,4.2,1.6,,0
298,MID,14,0.25,1,0.000622127,0,0,6.06,4.2,1.6,,1
304,MID,14,0.5,0,0.005317403,1.8,0,6.06,4.2,1.6,,0
306,MID,14,2,0,0.001214059,8.6,0.016375,6.06,4.2,1.6,,2
308,MID,14,2,0,0.002623107,1.5,0.003,6.06,4.2,1.6,,0
309,MID,14,2.5,0,0.008559269,0,0,6.06,4.2,1.6,,1
312,MID,14,0,0,0.000455127,0,0.002625,6.06,4.2,1.6,,0
316,MID,15,0,0,5.23E-06,0,0.000625,5.65,4.05,1.65,,0
317,MID,15,1,1,0.003862715,0,0,5.65,4.05,1.65,,2
318,MID,15,1.25,0,0.000614694,1,0,5.65,4.05,1.65,,0
320,MID,15,0,0,0.00019104,0,0,5.65,4.05,1.65,,0
323,MID,15,0,0,0.000346542,1,0,5.65,4.05,1.65,,0
325,MID,15,-0.5,1,0.002306178,0,0.000625,5.65,4.05,1.65,,1
328,MID,15,0.25,1,0.00011172,0,0.000125,5.65,4.05,1.65,,1
330,MID,15,2.5,1,3.48E-06,0,0.02175,5.65,4.05,1.65,,1
332,MID,16,0.25,0,0.001118017,0,0.004625,2.08,3.66,3.62,,0
335,MID,16,2.75,0,0.006135447,1.4,0.000625,2.08,3.66,3.62,,0
336,MID,16,1.5,0,0.003867477,0,0.00375,2.08,3.66,3.62,,0
339,MID,16,0.25,0,0.001334141,4.2,0,2.08,3.66,3.62,,0
341,MID,16,3.75,1,0.021124214,10.6,0,2.08,3.66,3.62,,6
346,MID,16,0.5,0,0.00054095,0,0,2.08,3.66,3.62,,0
347,MID,16,0,0,0.000178846,0,0.004,2.08,3.66,3.62,,0
349,MID,16,0.25,0,0.002196665,0,0,2.08,3.66,3.62,,0
350,MID,16,1.75,1,0.000555815,0,0.000125,2.08,3.66,3.62,,5
354,MID,18,1,0,0.026011459,2.9,0,7.54,4.83,1.45,,0
356,MID,17,1,1,3.94E-05,0,0.23525,2.27,3.32,3.47,,2
359,MID,17,4.25,0,0.189159707,2.2,0,2.27,3.32,3.47,,1
362,MID,17,1.25,0,0.007670732,4.6,0.000125,2.27,3.32,3.47,,0
363,MID,17,0.25,1,0.012691414,0,0,2.27,3.32,3.47,,6
365,MID,17,4,0,0.028368852,1.9,0.00175,2.27,3.32,3.47,,3
366,MID,17,0,0,0.0110681,0,0.000125,2.27,3.32,3.47,,0
369,MID,17,0.5,0,0.003283558,0,0,2.27,3.32,3.47,,0
372,MID,17,1,1,0.001190833,0,0,2.27,3.32,3.47,,1
373,MID,17,1.25,1,0.010906559,4.1,0.00075,2.27,3.32,3.47,,2
375,MID,17,1.75,0,0.00327357,0,0,2.27,3.32,3.47,,0
378,MID,18,0,0,0.000290101,0,0,7.54,4.83,1.45,,0
381,MID,18,0.5,0,0.001096648,0,0,7.54,4.83,1.45,,0
385,MID,18,0,0,6.93E-05,0,0,7.54,4.83,1.45,,0
386,MID,7,0,0,0.000413551,0,0,2.36,3.14,3.46,,0
391,MID,18,0.5,0,0.000311935,0,0,7.54,4.83,1.45,,0
392,MID,18,0,0,3.22E-05,0,0,7.54,4.83,1.45,,0
394,MID,18,0,0,0.000136457,0,0,7.54,4.83,1.45,,0
397,MID,18,0,0,0.000339342,0,0,7.54,4.83,1.45,,0
399,MID,18,3.5,0,0.115982497,0.7,0.024375,7.54,4.83,1.45,,2
402,MID,18,0,0,0.000149928,0,0,7.54,4.83,1.45,,0
403,MID,18,0,0,0.000244461,0,0,7.54,4.83,1.45,,0
405,MID,18,0,0,0.001065873,0,0.000125,7.54,4.83,1.45,,0
406,MID,19,0,0,0.00884008,0,0.000875,4.5,4.25,1.74,,0
412,MID,19,0.25,0,0.001205814,0,0,4.5,4.25,1.74,,0
416,MID,19,1.25,1,0.001162264,0,0,4.5,4.25,1.74,,0
419,MID,19,3.25,1,0.304420435,4.4,0.04225,4.5,4.25,1.74,,2
420,MID,19,6.5,1,0.015167496,8.1,0.0035,4.5,4.25,1.74,,9
421,MID,19,5.75,1,0.052709615,1.5,0.003125,4.5,4.25,1.74,,2
422,MID,19,3.5,0,0.049366364,1.4,0.0005,4.5,4.25,1.74,,1
423,MID,19,3,1,0.019034392,7.5,0.00075,4.5,4.25,1.74,,12
426,MID,20,2.25,0,0.005479061,4.4,0.000375,3.46,3.14,2.36,,1
434,MID,20,1.75,0,0.001420196,0,0,3.46,3.14,2.36,,0
435,MID,20,1.25,0,0.019740367,0.3,0.003375,3.46,3.14,2.36,,1
436,MID,20,1.5,1,0.010532261,1.3,0,3.46,3.14,2.36,,2
438,MID,20,1.25,0,0.000798534,0.2,0,3.46,3.14,2.36,,1
440,MID,20,0,0,0.001435526,0,0.000125,3.46,3.14,2.36,,0
441,MID,20,0,0,0.00019975,0,0,3.46,3.14,2.36,,0
442,MID,20,0,0,0.001017329,0,0,3.46,3.14,2.36,,0
449,MID,15,2,1,0.001159012,6.2,0,5.65,4.05,1.65,,2
453,MID,12,0.5,0,0.00347692,0,0,1.73,4.19,4.71,,0
458,MID,10,1.75,1,0.000822806,5.6,0,2.68,3.49,2.69,,6
459,MID,13,0,0,0.000581132,0,0,4.71,4.19,1.73,,0
461,MID,20,1,1,0.003862135,1,0.000125,3.46,3.14,2.36,,2
462,MID,4,3.25,1,0.001134276,0.3,0,1.6,4.2,6.06,,1
464,MID,7,3.25,0,0.000961817,0.4,0.0005,2.36,3.14,3.46,,0
467,MID,18,0.25,0,0.001598345,0,0.000125,7.54,4.83,1.45,,0
471,MID,15,1,0,0.00071724,8,0,5.65,4.05,1.65,,2
478,MID,1,2,1,0.001662683,2.7,0,1.45,4.83,7.54,,2
479,MID,3,1.5,0,0.000804457,0,0.000125,1.65,4.05,5.65,,0
482,MID,8,6,0,0.12141766,1.7,0.025625,3.47,3.32,2.27,,3
484,MID,8,3.75,0,0.161318565,9.8,0.046875,3.47,3.32,2.27,,3
485,MID,13,0.25,1,0.017139791,0.5,0,4.71,4.19,1.73,,1
487,MID,17,0.75,0,0.000661845,0,0,2.27,3.32,3.47,,0
492,MID,2,1.5,1,0.006584536,2.2,0.0005,3.62,3.66,2.08,,2
495,MID,18,3,0,0.000578229,2.5,0,7.54,4.83,1.45,,-1
496,MID,2,0,0,0.001866497,0,0,3.62,3.66,2.08,,0
497,MID,2,0,0,0.000158754,0,0,3.62,3.66,2.08,,0
499,MID,3,0.5,0,0.000226925,0,0,1.65,4.05,5.65,,0
503,MID,8,1,1,0.000759745,5,0,3.47,3.32,2.27,,3
504,MID,8,0.25,1,0.00030996,0.2,0,3.47,3.32,2.27,,1
505,MID,10,0,1,0.00040008,2.3,0,2.68,3.49,2.69,,1
506,MID,11,0,0,0.000787733,0,0,1.74,4.25,4.5,,0
507,MID,12,0,0,0.000780417,0,0,1.73,4.19,4.71,,0
508,MID,12,0,0,0.000166652,0,0,1.73,4.19,4.71,,0
511,MID,13,0,0,9.56E-05,0,0,4.71,4.19,1.73,,0
512,MID,13,0,0,0.00017362,0,0,4.71,4.19,1.73,,0
517,MID,16,1.75,1,0.001750596,1.9,0.00575,2.08,3.66,3.62,,3
522,MID,19,0,0,0.000522949,0,0,4.5,4.25,1.74,,0
524,MID,3,3.5,0,0.000536304,0,0,1.65,4.05,5.65,,0
526,MID,2,0,0,0.00041088,0,0.000125,3.62,3.66,2.08,,0
528,MID,15,0.5,0,0.000500768,0,0.000125,5.65,4.05,1.65,,0
531,MID,1,0,0,8.12E-05,0,0,1.45,4.83,7.54,,0
537,MID,4,0,0,0.000308102,0,0,1.6,4.2,6.06,,0
538,MID,4,0,0,5.44E-05,0,0,1.6,4.2,6.06,,0
541,MID,7,0,0,0.000215428,0,0,2.36,3.14,3.46,,0
543,MID,7,0,0,0.000350607,0,0,2.36,3.14,3.46,,0
547,MID,20,0,0,0.000814444,0,0,3.46,3.14,2.36,,0
548,MID,20,0,0,0.002973946,0,0,3.46,3.14,2.36,,0
551,MID,9,0.5,0,0.000592397,0,0,2.69,3.49,2.68,,0
552,MID,9,0.25,1,0.000147838,2.7,0,2.69,3.49,2.68,,2
553,MID,11,0,0,0.00015678,0,0,1.74,4.25,4.5,,0
557,MID,18,1,0,0.000149464,1.1,0,7.54,4.83,1.45,,2
558,MID,1,1.5,0,0.015198155,2.1,0.000625,1.45,4.83,7.54,,1
566,MID,12,0,0,3.45E-05,0,0,1.73,4.19,4.71,,0
575,MID,5,0.5,0,0.000158754,0,0,13.1,5.91,1.27,,0
576,MID,9,0,0,0.000129257,0,0,2.69,3.49,2.68,,0
578,MID,5,7.5,0,0.010467923,4.1,0.00175,13.1,5.91,1.27,,1
581,MID,15,1.75,1,0.001850238,5.6,0.0265,5.65,4.05,1.65,,9
582,MID,19,0.5,0,0.000400893,0,0,4.5,4.25,1.74,,0
587,MID,10,1.5,0,0.000536304,3.9,0,2.68,3.49,2.69,,2
589,MID,19,0,0,0.000491825,0,0,4.5,4.25,1.74,,0
592,MID,6,0.25,1,0.00124948,0,0.000125,1.27,5.91,13.1,,0
597,MID,17,0,0,0.000154922,0,0,2.27,3.32,3.47,,0
599,MID,14,0,0,0.000637457,0,0.000125,6.06,4.2,1.6,,0
600,MID,9,0,0,5.89E-05,0,0,2.69,3.49,2.68,,0
601,MID,9,0,0,0.001934087,0,0,2.69,3.49,2.68,,0
605,MID,12,0,0,8.11E-05,0,0,1.73,4.19,4.71,,0
609,MID,14,0,0,0.000151206,0,0,6.06,4.2,1.6,,0
612,MID,4,0,0,6.56E-05,0,0,1.6,4.2,6.06,,0
613,MID,8,0,0,9.92E-05,0,0,3.47,3.32,2.27,,0
