player id,position,team,gw1 points,gw2 points,gw3 points,gw4 points,gw5 points,gw6 points,select percentage,ict index,top players select %,win,draw,lose,gw7 points
1,GK,1,1,2,1,0,0,0,1.247744265,0,0.000875219,2.34,3.31,3.29,0
2,GK,1,0,0,0,0,0,0,0.922992166,0,0.002875719,2.34,3.31,3.29,0
3,MID,1,0,0,0,0,0,0,0.092113753,0,0,2.34,3.31,3.29,0
4,FWD,1,0,1,1,9,2,7,2.224770634,4,0.007376844,2.34,3.31,3.29,2
5,DEF,1,0,1,-1,1,0,0,0.183098077,0,0,2.34,3.31,3.29,0
6,FWD,1,0,0,1,0,0,0,0.95714844,0.3,0,2.34,3.31,3.29,1
7,MID,1,2,2,-2,0,0,2,0.376907886,0,0.000125031,2.34,3.31,3.29,0
8,DEF,1,1,0,0,0,0,0,0.122275419,0,0.000125031,2.34,3.31,3.29,0
9,DEF,1,0,0,0,0,0,0,0.2727152,0,0.000125031,2.34,3.31,3.29,0
10,DEF,1,1,0,0,0,0,0,0.223793144,0,0.000375094,2.34,3.31,3.29,0
11,DEF,1,0,0,-1,0,0,0,0.094467718,0,0,2.34,3.31,3.29,0
12,MID,1,0,0,1,0,0,0,0.367373138,0,0.000625156,2.34,3.31,3.29,0
13,MID,1,0,0,1,3,1,1,0.058349806,0,0,2.34,3.31,3.29,1
14,DEF,1,0,0,0,0,0,0,0.707794562,0,0.000250063,2.34,3.31,3.29,0
15,MID,1,0,0,0,0,3,2,0.179044026,2.3,0.000125031,2.34,3.31,3.29,2
16,DEF,1,1,1,0,7,6,2,6.693702394,1.1,0.104151038,2.34,3.31,3.29,6
17,MID,1,2,2,0,6,3,0,1.167126899,1.3,0.002375594,2.34,3.31,3.29,1
18,MID,1,0,0,0,0,0,0,0.182729527,0,0.000625156,2.34,3.31,3.29,0
19,MID,14,0,2,2,2,2,2,0.773289485,0.2,0.000250063,2.34,3.31,3.29,1
20,FWD,1,0,0,0,0,0,0,0.098474214,0,0,2.34,3.31,3.29,0
21,MID,1,2,2,2,1,3,12,5.071356653,5.9,0.03875969,2.34,3.31,3.29,3
22,MID,1,1,2,1,3,6,13,10.83714495,4.8,0.133283321,2.34,3.31,3.29,3
23,DEF,1,0,0,0,8,7,2,0.535479547,2.3,0.000875219,2.34,3.31,3.29,6
24,DEF,1,0,0,0,0,0,0,0.000677657,0,0,2.34,3.31,3.29,0
25,MID,1,0,0,0,0,0,0,0.001343425,0,0,2.34,3.31,3.29,0
26,MID,1,2,2,0,0,0,0,0.178092929,0,0,2.34,3.31,3.29,0
27,DEF,1,0,0,0,0,0,0,0.002651183,0,0,2.34,3.31,3.29,0
28,GK,2,0,0,0,1,0,0,3.610412088,0,0.061140285,2.34,3.31,3.29,0
29,MID,2,0,0,0,0,0,0,0.019580711,0,0,2.34,3.31,3.29,0
30,GK,2,2,5,2,0,8,9,14.15104064,4.6,0.016379095,2.34,3.31,3.29,4
31,DEF,2,0,0,0,0,0,0,0.00055877,0,0,2.34,3.31,3.29,0
32,MID,2,4,0,0,1,1,0,0.435222026,0.2,0.000250063,2.34,3.31,3.29,1
33,MID,12,1,8,6,3,3,3,17.53104946,2.5,0.022005501,2.34,3.31,3.29,2
34,MID,2,0,0,0,0,0,0,0.011567718,0,0,2.34,3.31,3.29,0
35,MID,2,7,3,0,1,1,2,0.685978772,3.9,0.000375094,2.34,3.31,3.29,2
36,DEF,2,0,0,1,0,0,15,0.322243581,1.6,0.000250063,2.34,3.31,3.29,1
37,MID,2,0,0,0,0,0,0,0.00970119,0,0,3.74,3.44,2.1,0
38,DEF,2,0,15,0,0,6,7,7.533473565,2.8,0.007251813,3.74,3.44,2.1,1
39,DEF,2,0,0,2,0,6,6,2.787308893,8.2,0.002125531,3.74,3.44,2.1,2
40,FWD,2,0,0,1,2,2,2,1.496693927,8.2,0.001875469,3.74,3.44,2.1,6
41,MID,2,2,0,1,1,1,0,0.226551326,0,0.000125031,3.74,3.44,2.1,0
42,MID,2,1,9,1,0,0,0,0.606157949,0,0.000500125,3.74,3.44,2.1,0
43,MID,2,2,2,10,0,0,1,1.359284176,0.2,0.0020005,3.74,3.44,2.1,1
44,DEF,2,1,6,1,1,15,5,3.627056287,3.5,0.009377344,3.74,3.44,2.1,1
45,DEF,2,1,6,2,1,6,6,0.726840281,4,0.000500125,3.74,3.44,2.1,1
46,DEF,2,0,0,0,0,0,0,0.017084081,0,0,3.74,3.44,2.1,0
47,FWD,2,0,1,0,0,0,0,0.141594578,0,0,3.74,3.44,2.1,0
48,FWD,2,0,0,0,0,0,0,0.000820321,0,0,3.74,3.44,2.1,0
49,FWD,2,0,0,0,0,0,0,1.260013418,0,0.003750938,3.74,3.44,2.1,0
50,MID,2,0,2,2,2,6,7,3.143684971,5.4,0.033508377,3.74,3.44,2.1,2
51,MID,2,1,3,0,0,3,3,0.506411643,4.6,0.00100025,3.74,3.44,2.1,1
52,DEF,2,1,6,2,0,1,0,0.631552242,0,0.000375094,3.74,3.44,2.1,0
53,MID,4,1,3,1,3,2,1,0.207731492,4.6,0.000125031,3.74,3.44,2.1,3
54,GK,4,0,0,0,0,0,0,3.286004761,0,0.285696424,3.74,3.44,2.1,0
55,MID,4,6,6,2,0,0,2,0.380783607,8.1,0.000625156,3.74,3.44,2.1,3
56,DEF,4,2,14,1,5,5,2,22.82145566,2.1,0.404851213,3.74,3.44,2.1,6
57,MID,4,0,0,0,0,0,0,0.000570658,0,0,3.74,3.44,2.1,0
58,DEF,4,0,0,0,0,1,1,0.032289746,3.8,0,3.74,3.44,2.1,6
59,DEF,4,2,6,1,8,2,2,4.200294388,5.6,0.020130033,3.74,3.44,2.1,8
60,MID,4,2,2,0,1,2,0,0.056804273,3.9,0,3.74,3.44,2.1,1
61,DEF,4,2,5,1,1,0,0,0.251042075,0,0.000750188,3.74,3.44,2.1,0
62,DEF,4,0,0,1,6,1,7,1.300946258,2.2,0.061265316,3.74,3.44,2.1,5
63,FWD,4,5,6,2,2,7,9,3.172657766,3.5,0.01387847,3.74,3.44,2.1,1
64,MID,4,2,3,2,11,5,1,1.205955437,11.4,0.002125531,3.74,3.44,2.1,3
65,GK,4,0,0,0,0,0,0,0.008904646,0,0,3.74,3.44,2.1,0
66,MID,4,0,0,0,0,0,0,0.001367202,0,0,3.74,3.44,2.1,0
67,DEF,1,1,0,0,5,7,2,11.95814364,4.3,0.308327082,3.74,3.44,2.1,7
68,DEF,4,0,0,0,0,0,0,0.007252115,0,0,3.74,3.44,2.1,0
69,GK,4,2,6,2,6,1,2,23.95330874,2.1,0.74456114,3.74,3.44,2.1,6
70,MID,4,2,8,1,3,2,0,14.0477396,0,0.092648162,4.88,3.72,1.78,0
71,DEF,4,0,0,0,0,0,0,0.363533083,0,0.000500125,4.88,3.72,1.78,0
72,FWD,4,0,1,0,0,0,1,0.115677183,0,0.000250063,4.88,3.72,1.78,0
73,MID,4,2,0,0,0,0,1,0.041919604,0,0,4.88,3.72,1.78,0
74,MID,4,9,3,1,4,0,0,0.459510668,1.4,0.000250063,4.88,3.72,1.78,1
75,MID,4,4,1,2,1,1,1,0.795176606,3,0.001125281,4.88,3.72,1.78,3
76,DEF,3,6,9,7,2,5,4,8.077275211,3.1,0.006751688,4.88,3.72,1.78,5
77,MID,3,8,2,1,2,3,2,1.027624734,1.6,0.000375094,4.88,3.72,1.78,1
78,FWD,3,2,2,6,2,12,5,14.68392844,6.4,0.100650163,4.88,3.72,1.78,2
79,MID,3,0,0,0,0,0,0,0.040219518,0,0,4.88,3.72,1.78,0
80,GK,3,8,6,3,2,6,2,9.846922113,2.6,0.018379595,4.88,3.72,1.78,3
81,MID,3,11,3,2,2,3,2,2.149610187,4.3,0.000750188,4.88,3.72,1.78,4
82,MID,3,0,0,0,0,0,0,0.0097963,0,0,4.88,3.72,1.78,0
83,DEF,3,6,6,2,2,5,1,1.056526196,4.7,0.002500625,4.88,3.72,1.78,2
84,MID,3,3,3,1,3,3,10,0.350300945,0,0.000750188,4.88,3.72,1.78,0
85,MID,3,0,1,2,0,0,0,0.038507543,0,0.000125031,4.88,3.72,1.78,0
86,MID,3,0,0,1,1,0,0,0.02966234,4.9,0.000125031,4.88,3.72,1.78,2
87,DEF,3,0,0,0,0,0,0,2.063987672,0,0.003125781,4.88,3.72,1.78,0
88,FWD,3,1,0,0,0,0,0,0.102635264,0,0,4.88,3.72,1.78,0
89,DEF,3,0,0,0,1,1,0,0.052048788,0,0,4.88,3.72,1.78,0
90,DEF,3,1,0,0,0,0,0,0.048743726,0,0,4.88,3.72,1.78,0
91,DEF,3,11,6,2,2,8,7,5.908405309,5.4,0.004751188,4.88,3.72,1.78,2
92,GK,3,0,0,0,0,0,0,0.010141073,0,0,4.88,3.72,1.78,0
93,MID,3,0,0,0,0,0,0,0.848152714,0,0.000875219,4.88,3.72,1.78,0
94,GK,3,0,0,0,0,0,0,0.887266581,0,0.004001,4.88,3.72,1.78,0
95,FWD,3,0,0,0,0,0,0,0.017298078,0,0,4.88,3.72,1.78,0
96,MID,3,3,3,2,1,8,2,0.97951111,9.3,0.026006502,4.88,3.72,1.78,8
97,MID,3,1,1,0,0,0,0,0.077217195,0,0.000125031,4.88,3.72,1.78,1
98,DEF,5,6,1,2,1,2,0,1.437238471,3,0.004876219,4.88,3.72,1.78,5
99,DEF,5,0,0,0,0,0,0,0.67491038,0,0.000750188,4.88,3.72,1.78,0
100,DEF,5,0,1,0,0,0,0,0.11283578,0,0.000125031,3.29,3.31,2.34,0
101,MID,5,2,2,0,0,0,0,0.155314154,0,0.000125031,3.29,3.31,2.34,0
102,MID,5,0,0,0,0,0,0,0.018534504,0,0,3.29,3.31,2.34,0
103,DEF,5,0,0,0,0,0,0,0.094182389,0,0,3.29,3.31,2.34,0
104,FWD,5,2,1,0,1,1,0,0.545834617,4.8,0.000125031,3.29,3.31,2.34,0
105,FWD,5,1,2,1,2,0,1,1.284313948,0.3,0.000625156,3.29,3.31,2.34,1
106,DEF,5,1,1,1,7,2,1,1.124981409,0,0.00500125,3.29,3.31,2.34,0
107,MID,5,7,0,2,2,1,4,0.448038059,5.9,0.000125031,3.29,3.31,2.34,3
108,MID,5,1,2,3,5,1,0,0.082638448,3,0,3.29,3.31,2.34,1
109,FWD,5,2,2,9,2,2,2,1.770372113,4.5,0.009127282,3.29,3.31,2.34,1
110,DEF,5,1,1,6,1,2,1,1.731008583,3.4,0.010002501,3.29,3.31,2.34,5
111,FWD,5,1,0,1,1,1,5,0.344665695,2.6,0.000125031,3.29,3.31,2.34,1
112,GK,5,2,3,2,2,2,1,2.986266515,0.8,0.003125781,3.29,3.31,2.34,6
113,DEF,5,1,1,2,1,2,1,0.414678329,6.8,0.003250813,3.29,3.31,2.34,9
114,GK,5,0,0,0,0,0,0,0.118471031,0,0.000125031,3.29,3.31,2.34,0
115,MID,5,1,2,1,1,2,2,2.880397521,9.7,0.24256064,3.29,3.31,2.34,2
116,MID,5,0,0,0,0,0,0,0.002639294,0,0,3.29,3.31,2.34,0
117,GK,5,0,0,0,0,0,0,0.005813581,0,0,3.29,3.31,2.34,0
118,MID,5,2,2,3,2,2,2,0.26560575,4.4,0.00100025,3.29,3.31,2.34,3
119,DEF,6,6,6,2,4,6,2,5.116997425,7.1,0.239309827,3.29,3.31,2.34,10
120,FWD,6,0,0,0,0,0,0,0.016239983,0,0,3.29,3.31,2.34,0
121,DEF,6,0,0,1,6,15,2,4.052446347,3.2,0.005501375,3.29,3.31,2.34,1
122,DEF,6,15,6,2,5,10,1,26.63939713,0,0.214178545,3.29,3.31,2.34,0
123,MID,6,3,3,2,1,3,2,3.794901145,0.2,0.000875219,3.29,3.31,2.34,1
124,MID,6,0,0,0,0,0,0,0.091067546,0.4,0,3.29,3.31,2.34,1
125,MID,6,6,3,1,13,6,2,8.331765014,4.2,0.016254064,3.29,3.31,2.34,2
126,FWD,6,0,0,0,0,0,0,0.062142306,0,0,3.29,3.31,2.34,0
127,DEF,6,6,6,1,6,14,1,20.35585535,4.4,0.504126032,3.29,3.31,2.34,2
128,DEF,19,0,0,0,0,1,2,1.227581007,1.9,0.000375094,3.29,3.31,2.34,0
129,GK,6,0,0,0,0,6,0,0.275532825,0,0.000125031,3.29,3.31,2.34,0
130,MID,6,0,1,1,0,6,1,2.709330821,0,0.001125281,3.29,3.31,2.34,0
131,MID,6,0,1,0,3,0,0,0.354949432,0,0,3.29,3.31,2.34,0
132,MID,6,0,0,0,0,0,1,0.064103943,5.9,0,3.29,3.31,2.34,6
133,DEF,6,7,6,2,0,6,1,3.965967844,0,0.062890723,3.29,3.31,2.34,0
134,FWD,6,2,1,0,1,3,2,1.498536678,16.8,0.000125031,1.97,3.58,4.05,7
135,DEF,6,0,0,0,0,0,0,3.482620306,15.7,0.024756189,1.97,3.58,4.05,8
136,FWD,6,0,0,0,0,0,0,0.152330087,0,0,1.97,3.58,4.05,0
137,MID,6,8,0,0,0,0,0,0.53508722,0,0,1.97,3.58,4.05,0
138,MID,6,6,6,2,0,1,0,8.775095142,5.9,0.009127282,1.97,3.58,4.05,1
139,DEF,6,0,0,0,0,0,0,0.050348702,0,0,1.97,3.58,4.05,0
140,MID,6,0,0,0,3,0,0,0.11283578,3.7,0,1.97,3.58,4.05,2
141,MID,6,1,3,7,3,3,1,4.527673894,0,0.004126032,1.97,3.58,4.05,0
142,DEF,6,1,18,1,0,0,1,5.291713959,0,0.016754189,1.97,3.58,4.05,0
143,GK,6,6,8,3,9,0,2,12.95899499,0.8,0.025506377,1.97,3.58,4.05,2
144,MID,7,0,3,15,8,2,4,8.24539351,5.4,0.05663916,1.97,3.58,4.05,2
145,MID,15,2,2,2,0,3,0,6.255472523,0,0.085146287,1.97,3.58,4.05,0
146,GK,7,2,9,1,6,3,3,6.653459098,1.9,0.016379095,1.97,3.58,4.05,2
147,DEF,7,0,0,0,0,0,0,0.100471518,0,0,1.97,3.58,4.05,0
148,MID,7,2,3,6,3,2,1,3.85399994,4.2,0.029882471,1.97,3.58,4.05,1
149,FWD,7,1,1,5,2,2,1,0.774585354,0.3,0.000125031,1.97,3.58,4.05,1
150,DEF,7,1,7,1,6,1,1,0.81039416,0,0.000375094,1.97,3.58,4.05,0
151,DEF,7,0,0,0,0,0,0,0.938185942,0,0.001500375,1.97,3.58,4.05,0
152,MID,7,0,0,0,1,0,3,0.044891782,3.5,0,1.97,3.58,4.05,2
153,FWD,7,2,1,2,2,2,2,0.540032925,2.8,0,1.97,3.58,4.05,1
154,MID,7,2,3,2,12,2,8,6.802460345,8.6,0.014378595,1.97,3.58,4.05,2
155,MID,7,1,3,1,0,0,1,0.040433515,7.8,0,1.97,3.58,4.05,6
156,GK,7,0,0,0,0,0,0,0.357838389,0,0.000250063,1.97,3.58,4.05,0
157,MID,7,2,0,0,0,1,0,0.030423218,0,0,1.97,3.58,4.05,0
158,DEF,7,0,0,0,0,0,0,0.040183852,0,0,1.97,3.58,4.05,0
159,FWD,7,1,0,0,0,0,0,0.078346622,0,0,1.97,3.58,4.05,0
160,MID,7,0,0,0,0,0,0,0.026868493,0,0,1.97,3.58,4.05,0
161,DEF,7,0,0,0,0,0,0,0.004363158,0,0,1.97,3.58,4.05,0
162,DEF,7,1,6,1,6,1,2,0.705333598,4.2,0.001250313,1.97,3.58,4.05,1
163,MID,8,0,1,0,0,0,0,0.420908015,0,0.004876219,1.43,4.74,8.13,0
164,MID,8,0,0,0,0,0,0,0.901057489,0,0,1.43,4.74,8.13,0
165,DEF,8,2,0,10,2,0,0,0.423951525,0,0.000500125,1.43,4.74,8.13,0
166,MID,8,0,0,0,0,0,0,0.582297301,0,0,1.43,4.74,8.13,0
167,MID,8,0,0,0,0,0,0,0.002746293,0,0,1.43,4.74,8.13,0
168,DEF,8,2,0,6,2,-1,5,8.594553138,4.8,0.019754939,1.43,4.74,8.13,2
169,DEF,8,2,1,6,9,1,8,2.866285618,1.5,0.006251563,1.43,4.74,8.13,2
170,GK,8,2,1,6,3,0,6,5.139027211,2.9,0.006376594,1.43,4.74,8.13,3
171,MID,8,2,2,8,2,2,6,6.839125138,1.2,0.056139035,1.43,4.74,8.13,2
172,MID,8,0,0,1,1,1,0,0.104501792,0,0,1.43,4.74,8.13,0
173,MID,8,8,4,3,10,2,11,4.968543058,9.3,0.030007502,1.43,4.74,8.13,5
174,MID,8,4,2,1,1,2,3,0.193595812,0,0,1.43,4.74,8.13,0
175,DEF,8,1,0,0,2,1,6,0.467416662,1.8,0.000375094,1.43,4.74,8.13,2
176,MID,8,0,0,0,0,1,1,0.083113996,0.3,0,1.43,4.74,8.13,1
177,FWD,8,7,7,9,0,0,0,3.765417135,0,0.002500625,1.43,4.74,8.13,0
178,DEF,8,2,0,6,0,0,0,0.636248283,0,0.000625156,1.43,4.74,8.13,0
179,DEF,8,0,0,0,2,0,6,0.531603827,3.6,0.000375094,1.43,4.74,8.13,2
180,FWD,8,11,2,1,2,0,0,4.435334255,0,0.000875219,1.43,4.74,8.13,0
181,GK,8,0,0,0,0,0,0,1.30897114,0,0.004626157,1.43,4.74,8.13,0
182,MID,10,0,0,0,0,0,0,0.002246967,0,0,1.43,4.74,8.13,0
183,GK,10,0,0,0,0,0,0,0.005766026,0,0,1.43,4.74,8.13,0
184,DEF,10,-1,3,2,0,2,1,0.440215286,1.9,0.000750188,1.43,4.74,8.13,7
185,DEF,10,6,1,2,1,2,0,7.230263814,0,0.142035509,1.43,4.74,8.13,0
186,MID,10,2,9,0,0,2,5,0.676990905,7.3,0.002875719,1.43,4.74,8.13,3
187,FWD,10,1,0,1,1,1,2,1.114424231,7.7,0.001250313,1.43,4.74,8.13,2
188,MID,10,5,2,2,2,2,2,7.042386474,8.3,0.00700175,1.43,4.74,8.13,3
189,FWD,10,2,4,8,2,5,0,5.799469026,0,0.027756939,1.43,4.74,8.13,0
190,DEF,10,0,0,2,0,0,0,0.082293675,7.7,0.000125031,1.43,4.74,8.13,15
191,MID,10,0,2,1,2,2,2,1.832264756,1.2,0.000375094,1.43,4.74,8.13,3
192,MID,10,1,0,0,0,0,0,0.066232023,0,0,1.43,4.74,8.13,0
193,MID,10,1,1,1,1,1,0,0.065055041,2.8,0,2.84,3.29,2.65,1
194,DEF,10,0,0,0,0,0,0,0.119707457,0,0,2.84,3.29,2.65,0
195,MID,10,0,0,0,0,0,0,0.030482662,0,0,2.84,3.29,2.65,0
196,MID,10,1,7,2,2,8,8,19.04555268,3.9,0.688672168,2.84,3.29,2.65,3
197,MID,10,0,1,4,0,1,2,0.165158009,2.5,0.000125031,2.84,3.29,2.65,3
198,DEF,10,0,1,1,-3,0,0,0.204343209,0,0.000125031,2.84,3.29,2.65,1
199,GK,10,1,3,2,2,4,1,2.891656132,1.3,0.008002001,2.84,3.29,2.65,6
200,GK,9,9,1,3,4,2,1,18.68367212,2,0.023380845,2.84,3.29,2.65,1
201,DEF,9,0,0,0,1,0,0,0.136815316,0,0,2.84,3.29,2.65,0
202,MID,9,0,0,7,2,0,0,0.199635278,0.2,0.000250063,2.84,3.29,2.65,1
203,MID,9,0,0,0,0,0,0,1.869737981,0,0.031632908,2.84,3.29,2.65,0
204,GK,9,0,0,0,0,0,0,4.953527613,0,0.021755439,2.84,3.29,2.65,0
205,FWD,9,5,2,12,2,8,11,13.00114048,7.4,0.127781945,2.84,3.29,2.65,8
206,MID,9,0,0,0,0,0,0,0.023682317,0,0,2.84,3.29,2.65,0
207,DEF,9,12,-1,4,0,1,0,3.453611845,0,0.0060015,2.84,3.29,2.65,0
208,DEF,9,6,0,2,0,0,0,12.17871495,0,0.112153038,2.84,3.29,2.65,0
209,DEF,9,0,0,2,2,1,1,0.650633627,2.8,0.000625156,2.84,3.29,2.65,1
210,MID,9,3,7,2,2,5,7,4.400999651,3.9,0.009627407,2.84,3.29,2.65,1
211,MID,9,3,-2,0,0,0,0,0.113228108,0,0.000125031,2.84,3.29,2.65,0
212,MID,9,3,2,2,2,1,1,4.235425537,2.2,0.001125281,2.84,3.29,2.65,1
213,FWD,9,1,1,1,1,1,4,2.278055848,7.2,0.00100025,2.84,3.29,2.65,9
214,MID,9,0,0,0,0,0,0,0.124510497,1.7,0,2.84,3.29,2.65,1
215,MID,9,3,2,2,2,2,1,3.835536768,6.1,0.010377594,2.84,3.29,2.65,4
216,MID,9,3,2,2,2,1,2,1.327755307,0,0.000375094,2.84,3.29,2.65,0
217,DEF,9,6,0,2,1,1,1,2.304175352,2,0.00100025,2.84,3.29,2.65,1
218,DEF,9,0,0,0,0,0,0,0.020198924,0,0,2.84,3.29,2.65,0
219,DEF,9,7,0,2,0,0,0,0.770959297,0,0.000875219,2.84,3.29,2.65,0
220,DEF,9,0,0,0,0,0,0,0.316025784,0,0,2.84,3.29,2.65,0
221,MID,11,2,0,0,0,3,0,0.086799498,3.2,0.000125031,2.84,3.29,2.65,1
222,MID,11,0,3,2,1,2,7,0.993682457,1.8,0.000375094,2.84,3.29,2.65,2
223,GK,11,0,0,0,0,0,0,0.226586992,0,0,6.69,4.24,1.55,0
224,DEF,11,6,6,2,6,0,1,3.321825455,4.3,0.014003501,6.69,4.24,1.55,1
225,MID,11,0,1,1,7,3,0,0.477890619,0,0,6.69,4.24,1.55,0
226,MID,11,0,0,0,0,0,0,0.045712104,0,0,6.69,4.24,1.55,0
227,MID,11,3,0,0,1,0,0,0.12615114,0,0,6.69,4.24,1.55,0
228,FWD,11,7,1,1,0,0,1,1.940154831,0.4,0.000500125,6.69,4.24,1.55,1
229,DEF,11,7,6,2,6,12,1,16.63431946,2.1,0.023005751,6.69,4.24,1.55,1
230,MID,11,3,8,5,8,8,2,2.590396131,5.3,0.005626407,6.69,4.24,1.55,7
231,GK,11,7,8,2,9,7,1,8.545084201,1.9,0.009627407,6.69,4.24,1.55,1
232,MID,11,1,0,2,7,3,5,0.932408027,3.8,0,6.69,4.24,1.55,1
233,MID,11,17,3,10,8,12,7,58.45591291,15.7,0.995373843,6.69,4.24,1.55,13
234,DEF,11,0,0,2,7,0,3,1.910076386,2.2,0.006626657,6.69,4.24,1.55,1
235,FWD,11,0,0,0,0,1,0,1.086664085,0,0.000125031,6.69,4.24,1.55,0
236,MID,11,0,0,0,0,0,0,0.055187408,0,0,6.69,4.24,1.55,0
237,DEF,11,6,12,4,12,0,1,23.21998911,0,0.559764941,6.69,4.24,1.55,0
238,DEF,11,0,1,0,0,0,0,0.50800473,0.2,0,6.69,4.24,1.55,1
239,MID,11,3,3,0,1,6,0,0.19860096,0,0.000125031,6.69,4.24,1.55,0
240,MID,11,8,8,1,3,3,7,17.49946114,2.5,0.325456364,6.69,4.24,1.55,2
241,DEF,11,0,0,0,0,0,0,0.184441502,0,0,6.69,4.24,1.55,0
242,GK,11,0,0,0,0,0,0,0.100530962,0,0,6.69,4.24,1.55,0
243,DEF,11,0,0,0,0,6,0,1.190000783,0,0.000250063,6.69,4.24,1.55,0
244,MID,11,0,0,0,0,1,8,0.170103714,3.6,0.000750188,6.69,4.24,1.55,7
245,DEF,11,6,11,1,0,5,0,17.51132608,0,0.096274069,6.69,4.24,1.55,0
246,DEF,11,0,0,0,0,0,0,0.754457762,0,0.001125281,6.69,4.24,1.55,0
247,DEF,11,0,0,0,0,0,0,0.032361078,0,0,6.69,4.24,1.55,0
248,DEF,11,0,0,0,0,0,0,0.159356317,0,0,6.69,4.24,1.55,0
248,DEF,17,0,0,0,0,0,0,0.227549977,0,0.006376594,6.69,4.24,1.55,0
249,DEF,12,0,6,1,6,6,7,6.489810956,0.7,0.001250313,6.69,4.24,1.55,1
250,MID,12,2,2,9,3,3,0,2.600525315,0,0.003500875,6.69,4.24,1.55,0
251,MID,12,1,0,0,0,1,3,1.657785996,11,0.000250063,6.69,4.24,1.55,8
252,DEF,12,0,0,0,0,0,0,3.161232712,0,0,6.69,4.24,1.55,0
253,DEF,12,3,0,0,0,0,0,0.406118455,0,0.000875219,6.69,4.24,1.55,0
254,MID,12,2,6,4,0,1,1,2.423787699,0,0,6.69,4.24,1.55,0
255,MID,12,2,6,1,1,3,1,1.395330755,2.1,0.185046262,6.69,4.24,1.55,1
256,DEF,12,2,6,6,12,6,12,14.99755271,4.7,0.013003251,2.65,3.29,2.84,0
257,GK,12,2,6,6,6,8,6,9.830182804,1.4,0.000500125,2.65,3.29,2.84,1
258,DEF,12,2,0,0,0,6,0,0.455599281,0,0.003625906,2.65,3.29,2.84,0
259,DEF,12,0,14,6,5,0,5,3.334320493,1.9,0.000125031,2.65,3.29,2.84,1
260,GK,12,0,0,0,0,0,0,0.163541144,0,0.001250313,2.65,3.29,2.84,0
261,MID,12,0,3,4,10,3,3,1.620372214,3.6,0.084771193,2.65,3.29,2.84,1
262,DEF,12,2,11,6,7,8,5,27.39214292,1.2,0.008002001,2.65,3.29,2.84,0
263,FWD,12,1,11,12,2,2,8,6.712118011,9.7,0,2.65,3.29,2.84,5
264,DEF,12,1,0,1,0,0,0,0.766346476,0,0.001500375,2.65,3.29,2.84,0
265,MID,12,0,0,0,0,1,3,0.902567356,13,0.000125031,2.65,3.29,2.84,7
266,MID,12,0,3,7,2,0,3,0.576079504,1.7,0.003625906,2.65,3.29,2.84,2
267,MID,10,2,2,2,2,0,1,1.431436778,0,0.036509127,2.65,3.29,2.84,0
268,MID,12,2,3,18,3,0,0,8.551016669,0,0,2.65,3.29,2.84,0
269,FWD,13,0,0,1,0,0,1,1.843404481,3.4,0.012253063,2.65,3.29,2.84,1
270,GK,13,2,3,7,2,10,2,6.508404904,0.7,0,2.65,3.29,2.84,2
271,MID,13,1,2,0,2,4,0,0.348327419,0,0.010877719,2.65,3.29,2.84,0
272,MID,13,16,4,2,9,2,2,21.8182979,2.3,0.002125531,2.65,3.29,2.84,1
273,DEF,13,2,1,7,2,2,7,6.781559987,0,0.000125031,2.65,3.29,2.84,0
274,MID,13,7,0,2,0,2,1,0.476083534,3.2,0.326706677,2.65,3.29,2.84,2
275,DEF,13,1,4,6,5,2,0,28.31813104,5.7,0.000125031,2.65,3.29,2.84,2
276,MID,13,0,1,0,6,7,0,1.317507236,0,0.054263566,2.65,3.29,2.84,0
277,MID,13,20,1,2,8,2,0,26.72560219,6.7,0,2.65,3.29,2.84,5
278,FWD,13,1,1,1,1,0,0,0.618213105,8,0.000125031,2.65,3.29,2.84,7
279,DEF,13,0,0,0,0,0,0,0.116188398,0,0.000125031,2.65,3.29,2.84,0
280,GK,13,0,0,0,0,0,0,0.473301575,0,0,2.65,3.29,2.84,0
281,MID,13,0,0,0,0,0,0,0.14231979,0,0,2.65,3.29,2.84,0
282,MID,13,0,0,0,1,0,0,0.111682575,0,0.000250063,2.65,3.29,2.84,0
283,DEF,2,0,1,2,1,6,0,0.544003755,0,0.000375094,2.65,3.29,2.84,0
284,DEF,13,5,2,0,0,0,1,0.484726629,2.3,0.000125031,1.76,3.95,4.7,2
285,MID,13,2,1,0,0,2,3,0.243659184,6.3,0,1.76,3.95,4.7,2
286,DEF,13,0,0,0,0,0,0,0.086454725,0,0.000500125,1.76,3.95,4.7,0
287,MID,10,2,0,1,1,2,1,0.540877023,2.9,0.001500375,1.76,3.95,4.7,3
288,DEF,13,2,2,8,2,2,2,6.056764565,6.2,0.347211803,1.76,3.95,4.7,2
289,MID,13,8,10,8,5,2,2,15.94944634,3.8,0.108777194,1.76,3.95,4.7,1
290,DEF,15,0,0,1,2,0,0,6.620788914,0,0,1.76,3.95,4.7,0
291,MID,14,1,0,0,0,0,0,0.048660505,0,0.000250063,1.76,3.95,4.7,0
292,DEF,14,3,1,1,0,1,1,0.259518728,7,0,1.76,3.95,4.7,1
293,DEF,14,0,0,0,1,2,2,0.115284855,1.9,0.000500125,1.76,3.95,4.7,0
294,GK,14,0,0,0,0,8,2,0.441439823,0.6,0,1.76,3.95,4.7,1
295,GK,14,0,0,0,0,0,0,0.095549591,0,0.000750188,1.76,3.95,4.7,0
296,FWD,14,6,1,9,0,0,0,0.91250632,0,0,1.76,3.95,4.7,0
297,MID,14,0,0,0,1,0,0,0.040885286,4.7,0,1.76,3.95,4.7,6
298,MID,14,1,1,4,0,1,0,0.065280926,0,0,1.76,3.95,4.7,0
299,DEF,14,0,1,0,0,2,0,0.201668248,0,0,1.76,3.95,4.7,0
300,FWD,14,0,0,0,0,0,1,0.149631349,0.3,0,1.76,3.95,4.7,1
301,DEF,14,0,0,0,0,0,0,0.010188628,0,0.032383096,1.76,3.95,4.7,0
302,DEF,14,0,0,0,7,2,1,8.886373501,2.7,0,1.76,3.95,4.7,3
303,DEF,14,0,0,0,0,1,0,0.04990882,0,0.001375344,1.76,3.95,4.7,0
304,MID,14,7,1,5,1,1,1,0.772718826,0.7,0,1.76,3.95,4.7,1
305,DEF,14,0,0,0,0,0,0,0.164955901,0,0.000375094,1.76,3.95,4.7,0
306,MID,14,2,0,0,2,2,2,0.123785286,2,0.085771443,1.76,3.95,4.7,2
307,FWD,14,6,2,6,5,8,8,16.38737899,6.7,0,1.76,3.95,4.7,2
308,MID,14,2,2,2,2,1,2,0.363152644,0.6,0.001875469,1.76,3.95,4.7,2
309,MID,14,1,1,2,2,2,8,0.749167285,2.5,0.000125031,1.76,3.95,4.7,2
310,FWD,14,1,1,1,2,5,2,0.406094678,4.4,0.000125031,1.76,3.95,4.7,2
311,DEF,14,0,0,0,1,0,0,0.10183872,0,0,1.76,3.95,4.7,0
312,MID,14,0,0,0,0,0,0,0.056293059,0,0.008627157,1.76,3.95,4.7,0
313,GK,15,0,0,0,0,0,0,0.712288495,0,0.002375594,1.76,3.95,4.7,0
314,GK,15,2,-2,1,3,2,1,1.287583344,3.7,0.015378845,1.76,3.95,4.7,9
315,FWD,15,2,2,7,2,6,2,5.182242685,4.3,0,1.76,3.95,4.7,2
316,MID,15,0,0,0,0,0,0,0.000570658,0,0.000125031,3.03,3.61,2.36,0
317,MID,15,2,1,1,2,0,0,0.123844729,0.2,0.000125031,3.03,3.61,2.36,1
318,MID,15,0,1,2,2,2,2,0.047459745,2.1,0,3.03,3.61,2.36,3
319,DEF,15,1,0,1,1,1,1,0.135448114,5.8,0,3.03,3.61,2.36,7
320,MID,15,0,0,0,0,0,0,0.023337545,0,0,3.03,3.61,2.36,0
321,DEF,15,0,0,0,0,0,0,0.012911143,0,0,3.03,3.61,2.36,0
322,FWD,15,0,0,0,0,0,0,0.012839811,0,0,3.03,3.61,2.36,0
323,MID,15,1,0,0,3,0,0,0.037663445,0,0,3.03,3.61,2.36,0
324,DEF,15,0,0,0,0,0,0,0.052940441,0,0.000125031,3.03,3.61,2.36,0
325,MID,15,1,2,1,1,1,0,0.329674027,0,0.001750438,3.03,3.61,2.36,0
326,DEF,15,1,0,3,1,1,1,1.439033666,4.2,0,3.03,3.61,2.36,5
327,DEF,15,0,0,0,0,0,0,0.054676194,0,0,3.03,3.61,2.36,0
328,MID,15,0,0,0,0,0,0,0.012340485,0,0.000375094,3.03,3.61,2.36,0
329,FWD,15,1,0,1,1,1,0,0.396357821,0.4,0,3.03,3.61,2.36,1
330,MID,15,0,0,0,0,0,0,0.000392328,0,0.132783196,3.03,3.61,2.36,0
331,DEF,15,0,0,0,2,0,0,4.20952003,0,0,3.03,3.61,2.36,0
332,MID,16,2,1,0,0,0,0,0.104929786,2.2,0.004251063,3.03,3.61,2.36,1
333,GK,16,0,0,0,0,0,0,0.806958321,0,0.00500125,3.03,3.61,2.36,0
334,GK,16,2,2,1,7,6,2,1.980493237,4.7,0.001500375,3.03,3.61,2.36,3
335,MID,16,2,2,2,0,3,2,0.614872376,3.9,0,3.03,3.61,2.36,1
336,MID,16,1,0,1,3,3,2,0.094955155,1.6,0.04076019,3.03,3.61,2.36,2
337,FWD,2,7,8,4,2,5,2,16.79759905,4.4,0,3.03,3.61,2.36,2
338,DEF,16,1,1,1,5,1,0,0.078061293,0,0,3.03,3.61,2.36,0
339,MID,16,0,0,0,0,0,0,0.12319085,0,0.001125281,3.03,3.61,2.36,0
340,DEF,9,1,0,0,6,1,0,0.922064846,4.6,0.001500375,3.03,3.61,2.36,1
341,MID,16,2,2,8,3,3,2,3.018615704,5,0,3.03,3.61,2.36,4
342,DEF,16,0,1,0,0,5,2,0.465074586,3.8,0.000500125,3.03,3.61,2.36,1
343,DEF,16,0,1,0,0,9,2,0.730965664,1.8,0,3.03,3.61,2.36,1
344,FWD,16,0,0,0,0,0,0,0.017512075,0,0.000375094,3.03,3.61,2.36,0
345,FWD,16,5,5,2,0,2,2,1.055254104,0,0,3.03,3.61,2.36,0
346,MID,16,1,0,0,0,0,0,0.057374932,1.7,0.000125031,2.36,3.61,3.03,2
347,MID,16,0,0,0,0,0,0,0.017060304,0,0.047511878,2.36,3.61,3.03,0
348,FWD,16,0,0,0,0,0,0,4.726774179,0,0.000125031,2.36,3.61,3.03,0
349,MID,16,1,1,1,1,0,0,0.127827448,1.5,0,2.36,3.61,3.03,1
350,MID,16,2,1,0,3,0,1,0.059289015,0.2,0,2.36,3.61,3.03,0
351,DEF,16,1,3,1,7,1,2,0.20377255,2.1,0,2.36,3.61,3.03,0
352,GK,17,0,0,0,0,0,0,0.021173799,0,0.002250563,2.36,3.61,3.03,0
353,GK,17,10,11,6,1,3,2,9.544770458,2.6,0.112528132,2.36,3.61,3.03,2
354,MID,18,0,0,1,2,2,2,2.982818788,2.1,0,2.36,3.61,3.03,2
355,DEF,17,0,0,0,0,0,0,0.021292686,0,0,2.36,3.61,3.03,0
356,MID,17,0,0,0,0,0,0,0.004184827,0,0.001500375,2.36,3.61,3.03,0
357,FWD,17,0,0,1,2,2,2,5.027463523,9.8,0,2.36,3.61,3.03,2
358,DEF,17,0,0,0,0,0,0,0.216327032,0,0.059264816,2.36,3.61,3.03,0
359,MID,17,10,3,10,0,2,7,12.19025889,12.6,0,2.36,3.61,3.03,10
360,DEF,17,1,0,0,0,0,0,0.317309765,0,0.017504376,2.36,3.61,3.03,0
361,DEF,17,7,6,7,1,1,1,5.798898368,4.6,0,2.36,3.61,3.03,3
362,MID,17,2,3,1,1,0,2,0.621648943,6.1,0.001125281,2.36,3.61,3.03,2
363,MID,17,3,9,2,2,2,1,2.088621086,0,0,2.36,3.61,3.03,0
365,MID,17,3,2,3,2,2,2,1.926554143,5.9,0.001750438,2.36,3.61,3.03,10
366,MID,17,0,1,0,1,0,0,1.308673922,0,0.001125281,2.36,3.61,3.03,0
367,DEF,17,5,8,6,0,1,1,1.743931614,0,0.002750688,2.36,3.61,3.03,0
368,DEF,17,0,0,0,0,0,0,0.080165596,0,0.000125031,2.36,3.61,3.03,0
369,MID,17,6,3,6,0,0,0,0.398949561,0,0.000375094,2.36,3.61,3.03,0
370,DEF,17,7,6,9,1,1,4,10.73371315,4,0.02388097,2.36,3.61,3.03,2
371,DEF,17,6,5,6,-3,0,0,2.090772944,0,0.002500625,2.36,3.61,3.03,0
372,MID,17,1,1,0,0,2,0,0.109863602,3.6,0,2.36,3.61,3.03,1
373,MID,17,3,2,2,2,1,0,1.343971513,1.2,0.004376094,2.36,3.61,3.03,1
374,DEF,17,0,0,0,1,0,0,0.071760275,0,0,2.36,3.61,3.03,0
375,MID,17,0,0,0,0,2,2,0.245906151,3.8,0.000125031,1.55,4.24,6.69,2
376,GK,18,0,0,0,0,3,3,20.99438627,1.4,0.393223306,1.55,4.24,6.69,2
377,DEF,18,0,0,0,0,2,1,0.320852601,2.4,0.000125031,1.55,4.24,6.69,2
378,MID,18,1,0,0,0,0,0,0.030126,0,0,1.55,4.24,6.69,0
379,DEF,18,1,1,1,0,1,1,0.109613939,0,0,1.55,4.24,6.69,0
380,FWD,18,1,1,0,0,0,0,0.520808875,0,0.000250063,1.55,4.24,6.69,0
381,MID,18,5,2,1,0,2,1,0.140952588,0,0.000125031,1.55,4.24,6.69,0
382,DEF,18,0,0,0,0,4,2,0.085515517,2.1,0.000125031,1.55,4.24,6.69,1
383,FWD,18,0,0,0,0,0,0,0.082662225,0,0,1.55,4.24,6.69,0
384,DEF,18,1,1,0,0,0,0,0.073781356,0.2,0,1.55,4.24,6.69,1
385,MID,18,0,0,0,0,0,0,0.008262656,0,0,1.55,4.24,6.69,0
386,MID,7,0,0,0,0,0,0,0.045272221,0,0,1.55,4.24,6.69,0
387,DEF,18,1,1,2,1,2,1,0.153150408,4.7,0.000125031,1.55,4.24,6.69,2
388,FWD,18,0,0,0,0,0,0,1.149127386,0,0.02188047,1.55,4.24,6.69,0
389,GK,18,1,1,4,2,0,0,1.770823884,0,0.020755189,1.55,4.24,6.69,0
390,DEF,18,1,1,2,0,0,0,0.088178588,0,0.000250063,1.55,4.24,6.69,0
391,MID,18,1,2,0,1,1,0,0.035036039,0.4,0,1.55,4.24,6.69,1
392,MID,18,0,0,0,0,0,0,0.003614169,0,0,1.55,4.24,6.69,0
393,FWD,18,0,0,0,0,0,0,0.152365753,0,0.000125031,1.55,4.24,6.69,0
394,MID,18,0,0,0,0,0,0,0.017048415,0,0.000250063,1.55,4.24,6.69,0
395,FWD,18,0,0,0,0,0,0,0.238321152,0,0,1.55,4.24,6.69,0
396,DEF,18,0,0,2,-1,0,0,0.083220995,1,0.000500125,1.55,4.24,6.69,2
397,MID,18,0,0,0,0,0,0,0.042621038,0,0.000125031,1.55,4.24,6.69,0
398,DEF,18,0,0,0,0,0,0,0.339636769,0,0,1.55,4.24,6.69,0
399,MID,18,9,2,2,2,15,9,18.78390587,1.5,0.6024006,1.55,4.24,6.69,1
400,DEF,18,0,0,1,1,1,1,0.047067417,0,0,1.55,4.24,6.69,0
401,DEF,18,0,0,0,0,0,0,0.000451771,0,0,1.55,4.24,6.69,0
402,MID,18,0,0,0,0,0,0,0.017737961,0,0,4.9,3.77,1.77,0
403,MID,18,0,1,0,0,0,0,0.02522785,0,0,4.9,3.77,1.77,0
404,FWD,18,0,0,0,0,0,1,0.077668966,0.9,0.000125031,4.9,3.77,1.77,1
405,MID,18,0,0,0,0,0,0,0.08917724,0,0,4.9,3.77,1.77,0
406,MID,19,0,1,0,0,-1,0,0.567769293,0,0.000750188,4.9,3.77,1.77,0
407,GK,19,0,0,0,0,0,0,0.148311702,0,0.000125031,4.9,3.77,1.77,0
408,GK,19,1,2,1,6,3,3,2.018798672,3.3,0.001250313,4.9,3.77,1.77,2
409,DEF,19,1,2,1,9,1,2,0.311781513,1.9,0,4.9,3.77,1.77,1
410,DEF,19,0,0,0,0,0,0,1.283327185,0,0.00100025,4.9,3.77,1.77,0
411,DEF,19,7,2,5,8,1,2,15.47729797,8.7,0.025506377,4.9,3.77,1.77,1
412,MID,19,1,1,1,1,1,1,0.13899095,0,0,4.9,3.77,1.77,0
413,FWD,19,13,16,11,-1,0,8,44.98783131,10.4,0.875468867,4.9,3.77,1.77,2
414,DEF,19,1,2,1,6,0,1,0.292616907,0,0.000125031,4.9,3.77,1.77,0
415,DEF,19,1,0,0,0,0,0,0.101268062,0,0,4.9,3.77,1.77,0
416,MID,19,0,0,1,0,1,0,0.120706109,0,0,4.9,3.77,1.77,0
417,DEF,19,0,0,0,0,0,0,0.043762355,0,0,4.9,3.77,1.77,0
418,DEF,19,1,5,1,6,1,2,7.40681121,5.9,0.027631908,4.9,3.77,1.77,1
419,MID,19,12,12,2,3,10,3,37.04747841,7.8,0.42448112,4.9,3.77,1.77,2
420,MID,19,2,2,2,3,5,5,0.874165219,10.4,0.002750688,4.9,3.77,1.77,7
421,MID,19,2,6,1,2,2,6,4.679373879,2.9,0.002375594,4.9,3.77,1.77,1
422,MID,19,8,2,2,3,2,2,6.017115705,5.9,0.005501375,4.9,3.77,1.77,8
423,MID,19,5,8,7,3,2,1,2.911855057,4.1,0.005751438,4.9,3.77,1.77,2
424,DEF,19,0,0,0,0,0,0,0.275960819,0,0.000375094,4.9,3.77,1.77,0
425,DEF,19,1,0,0,0,0,0,1.920265014,0,0.002250563,4.9,3.77,1.77,0
426,MID,20,2,2,2,4,2,3,0.672603969,3.9,0.001500375,4.9,3.77,1.77,2
427,GK,20,0,0,0,0,0,0,0.01820162,0,0,4.9,3.77,1.77,0
428,DEF,20,0,0,0,0,0,0,0.088452029,0,0.000125031,4.9,3.77,1.77,0
429,DEF,20,2,2,2,6,0,6,6.434813767,1.6,0.057139285,4.9,3.77,1.77,2
430,FWD,20,2,1,2,1,2,8,5.524673301,8.5,0.546261565,4.05,3.58,1.97,10
431,DEF,20,2,2,1,6,-1,7,1.004631962,2.7,0.008377094,4.05,3.58,1.97,2
432,DEF,20,1,2,2,13,1,6,7.987967195,3.5,0.211677919,4.05,3.58,1.97,3
433,DEF,20,0,0,0,0,0,0,0.006205908,0,0,4.05,3.58,1.97,0
434,MID,20,1,1,0,0,0,3,0.129420536,1.5,0.000125031,4.05,3.58,1.97,1
435,MID,20,2,2,2,3,2,1,3.458783435,0,0.048762191,4.05,3.58,1.97,1
436,MID,20,2,2,1,3,1,1,1.090527917,2.9,0.000625156,4.05,3.58,1.97,2
437,DEF,20,0,2,2,6,1,6,3.746157419,2,0.176044011,4.05,3.58,1.97,2
438,MID,20,0,0,1,1,1,3,0.098581213,0,0.000125031,4.05,3.58,1.97,0
439,DEF,20,2,2,2,5,1,6,0.406689113,2.3,0.002750688,4.05,3.58,1.97,2
440,MID,20,1,0,0,0,0,0,0.19027886,0,0.003250813,4.05,3.58,1.97,0
441,MID,20,0,0,0,0,0,0,0.021399684,0,0,4.05,3.58,1.97,0
442,MID,20,0,0,0,0,0,0,0.122049533,0,0.000125031,4.05,3.58,1.97,0
443,DEF,20,1,0,0,0,0,1,2.147184889,0,0.004626157,4.05,3.58,1.97,0
444,GK,20,0,0,0,0,0,0,0.989973178,0,0.001750438,4.05,3.58,1.97,0
445,FWD,20,1,1,1,0,1,0,0.434128264,0,0,4.05,3.58,1.97,0
446,DEF,20,0,0,0,0,0,0,0.024086534,0,0,4.05,3.58,1.97,0
447,FWD,4,0,0,1,2,9,2,0.27133611,0,0.000250063,4.05,3.58,1.97,0
448,GK,15,0,0,0,0,0,0,1.646646271,0,0.032883221,4.05,3.58,1.97,0
449,MID,15,2,2,2,1,2,1,0.127672895,0.2,0.000125031,4.05,3.58,1.97,1
450,FWD,18,12,2,1,1,6,1,11.01779396,6.3,0.032383096,4.05,3.58,1.97,1
451,DEF,5,0,0,0,0,0,0,0.065911028,4.8,0,4.05,3.58,1.97,6
452,GK,20,0,0,0,0,0,0,0.194879793,0,0,4.05,3.58,1.97,0
453,MID,12,2,0,0,1,3,1,0.386585299,0,0.000125031,4.05,3.58,1.97,0
454,DEF,18,0,0,0,0,0,0,0.437766211,0,0.000500125,4.05,3.58,1.97,0
455,FWD,9,0,1,0,0,0,0,0.412205476,0,0.000125031,4.05,3.58,1.97,0
456,DEF,15,1,0,1,0,0,1,0.078287179,2.1,0,4.05,3.58,1.97,6
457,DEF,15,1,0,0,0,0,1,0.059491123,4.5,0,4.05,3.58,1.97,6
458,MID,9,1,1,0,0,2,2,0.070167187,0.6,0,4.05,3.58,1.97,1
459,MID,13,0,0,0,0,0,0,0.055032855,0,0,4.05,3.58,1.97,0
460,DEF,16,1,2,0,6,1,0,0.091947311,0,0,4.05,3.58,1.97,0
461,MID,20,2,2,3,3,2,0,0.747716862,3.1,0.003125781,8.13,4.74,1.43,2
462,MID,4,1,0,0,0,1,0,0.049361939,0,0,8.13,4.74,1.43,0
463,DEF,10,-1,0,0,1,1,-1,0.502214927,4.7,0.001750438,8.13,4.74,1.43,8
464,MID,7,0,0,0,1,1,0,0.025536957,10.7,0,8.13,4.74,1.43,7
465,DEF,14,0,1,1,0,0,2,0.156717022,1,0,8.13,4.74,1.43,1
466,DEF,1,1,1,0,0,0,1,0.196389659,0,0.000125031,8.13,4.74,1.43,0
467,MID,18,1,2,1,1,1,1,0.252230947,0,0.000125031,8.13,4.74,1.43,0
468,FWD,18,0,1,2,1,10,5,1.020646059,0.2,0.005126282,8.13,4.74,1.43,1
469,FWD,18,0,0,0,0,0,0,0.110041933,0,0.000500125,8.13,4.74,1.43,0
470,DEF,20,0,1,0,0,0,0,0.207862268,0,0.00100025,8.13,4.74,1.43,0
471,MID,15,2,2,4,2,0,1,0.090722773,2.3,0.000125031,8.13,4.74,1.43,3
472,FWD,18,6,1,1,1,0,0,1.754940563,0,0.002625656,8.13,4.74,1.43,0
473,DEF,9,0,0,0,2,1,1,0.624442791,2.1,0.001375344,8.13,4.74,1.43,0
474,DEF,7,1,5,1,6,0,2,0.281477182,4.9,0,8.13,4.74,1.43,1
475,GK,20,3,3,2,6,0,14,2.623696417,1.1,0.092898225,8.13,4.74,1.43,2
476,GK,4,0,0,0,0,0,0,0.031017654,0,0,8.13,4.74,1.43,0
477,DEF,7,1,6,1,6,1,2,0.369988655,1.1,0.000250063,8.13,4.74,1.43,1
478,MID,1,2,1,0,3,1,0,0.169176394,2.2,0,8.13,4.74,1.43,3
479,MID,3,3,3,0,1,1,1,0.068324437,1.1,0,8.13,4.74,1.43,2
480,GK,5,0,0,0,0,0,0,0.195212677,0,0,8.13,4.74,1.43,0
481,GK,8,0,0,0,0,1,0,3.537831492,0,0.029632408,8.13,4.74,1.43,0
482,MID,8,5,1,3,12,2,10,3.451222213,11.8,0.040260065,8.13,4.74,1.43,10
483,DEF,3,6,6,2,1,7,1,1.267324976,0,0.001125281,8.13,4.74,1.43,0
484,MID,8,2,9,8,7,2,6,18.80414046,5.4,0.191922981,8.13,4.74,1.43,2
485,MID,13,1,1,3,2,1,0,2.028392863,6.1,0,8.13,4.74,1.43,1
486,GK,17,0,0,0,0,0,0,0.217611013,0,0,8.13,4.74,1.43,0
487,MID,17,0,0,1,0,1,1,0.082911888,0,0,2.1,3.44,3.74,1
488,DEF,7,1,5,1,7,1,2,0.487151927,1.7,0.000500125,2.1,3.44,3.74,0
489,GK,19,0,0,0,0,0,0,0.788732923,0,0,2.1,3.44,3.74,0
490,GK,10,0,0,0,0,0,0,0.137825856,0,0,2.1,3.44,3.74,0
491,DEF,16,1,2,1,6,5,2,12.31083422,1.8,0.486371593,2.1,3.44,3.74,4
492,MID,2,4,0,0,1,9,0,0.575699065,0,0.000500125,2.1,3.44,3.74,0
493,DEF,7,0,0,0,0,0,0,0.092636856,0,0,2.1,3.44,3.74,0
494,DEF,17,1,0,0,0,1,0,0.274534173,2.7,0,2.1,3.44,3.74,1
495,MID,18,2,0,2,2,2,2,0.041111171,3,0,2.1,3.44,3.74,2
496,MID,2,0,0,0,0,0,0,0.192181055,0,0,2.1,3.44,3.74,0
497,MID,2,0,1,0,0,0,0,0.015110555,0,0,2.1,3.44,3.74,0
498,DEF,3,0,0,0,0,0,0,0.04795907,0,0,2.1,3.44,3.74,0
499,MID,3,0,0,1,3,0,1,0.03308629,2,0,2.1,3.44,3.74,1
500,FWD,4,0,0,0,0,0,0,0.067349562,0,0.000125031,2.1,3.44,3.74,0
501,DEF,6,0,0,0,0,0,0,0.062463301,0,0,2.1,3.44,3.74,0
502,DEF,8,0,0,0,0,1,0,0.08567007,0,0,2.1,3.44,3.74,0
503,MID,8,1,0,0,0,1,0,0.062665409,4.1,0.000125031,2.1,3.44,3.74,2
504,MID,8,0,0,0,0,0,0,0.032099527,0,0,2.1,3.44,3.74,0
505,MID,9,0,0,1,0,0,0,0.042846924,0,0.000125031,2.1,3.44,3.74,0
506,MID,11,1,3,2,3,0,0,0.10424024,0,0.000125031,2.1,3.44,3.74,0
507,MID,12,0,1,0,0,0,0,0.0647816,0,0,2.1,3.44,3.74,0
508,MID,12,0,0,0,0,0,0,0.016656088,0,0,2.1,3.44,3.74,0
509,GK,13,0,0,0,0,0,0,0.5243636,0,0.000875219,2.1,3.44,3.74,0
510,DEF,13,0,0,0,0,0,1,0.078287179,0,0,2.1,3.44,3.74,0
511,MID,13,0,0,0,0,0,0,0.010711731,0,0,2.1,3.44,3.74,0
512,MID,13,0,0,0,0,0,0,0.016549089,0,0,2.1,3.44,3.74,0
513,GK,14,6,1,2,0,0,0,0.476630415,0,0.000875219,2.1,3.44,3.74,0
514,GK,14,0,0,0,0,0,0,0.345628681,0,0.009127282,2.1,3.44,3.74,0
515,DEF,15,0,0,0,0,0,0,0.26532042,0,0.000625156,2.1,3.44,3.74,0
516,FWD,15,1,1,1,0,2,2,0.106237544,6,0,2.1,3.44,3.74,2
517,MID,16,0,0,8,3,3,2,0.16607344,0.1,0.004876219,4.7,3.95,1.76,1
518,FWD,16,0,0,1,1,1,1,0.518704572,0,0.001125281,4.7,3.95,1.76,0
519,FWD,16,0,0,0,0,0,1,0.143306553,0,0,4.7,3.95,1.76,0
520,FWD,17,0,0,0,0,0,0,3.322990549,0,0.030382596,4.7,3.95,1.76,0
521,DEF,19,0,0,0,0,0,0,0.198910067,0,0.000125031,4.7,3.95,1.76,0
522,MID,19,0,0,0,0,0,0,0.061619202,0,0.000125031,4.7,3.95,1.76,0
523,FWD,20,0,0,0,0,0,0,0.065411702,0,0,4.7,3.95,1.76,0
524,MID,3,0,1,1,0,0,6,0.053986648,5,0,4.7,3.95,1.76,8
525,FWD,16,6,2,5,2,2,2,2.5646214,2.5,0.010752688,4.7,3.95,1.76,2
526,MID,2,0,0,2,0,0,0,0.040148186,0,0.000125031,4.7,3.95,1.76,0
527,DEF,6,14,0,1,6,0,0,1.734420643,9.1,0.001750438,4.7,3.95,1.76,11
528,MID,15,0,0,0,2,1,1,0.063913724,0,0,4.7,3.95,1.76,0
529,FWD,6,0,8,2,13,2,2,36.81787168,2.6,0.332333083,4.7,3.95,1.76,2
530,FWD,1,1,1,0,0,0,0,0.365637385,0,0.000250063,4.7,3.95,1.76,0
531,MID,1,1,0,0,0,0,0,0.009023534,0,0,4.7,3.95,1.76,0
532,GK,1,0,0,0,0,0,0,0.556546348,0,0.001125281,4.7,3.95,1.76,0
533,FWD,5,0,0,0,0,0,0,1.259573535,0,0.003375844,4.7,3.95,1.76,0
534,DEF,5,0,0,0,0,0,0,0.294851985,0,0.000125031,4.7,3.95,1.76,0
535,FWD,4,0,0,0,0,0,0,0.431726744,0,0.000375094,4.7,3.95,1.76,0
536,DEF,4,0,0,0,0,0,0,0.049266829,0,0,4.7,3.95,1.76,0
537,MID,4,0,0,1,0,0,0,0.035642363,0,0,4.7,3.95,1.76,0
538,MID,4,0,0,0,0,0,0,0.006479349,0,0,4.7,3.95,1.76,0
539,DEF,6,1,0,0,0,0,0,0.012923032,0,0,4.7,3.95,1.76,0
540,DEF,7,0,0,0,0,0,0,0.076301764,0,0,4.7,3.95,1.76,0
541,MID,7,1,0,0,0,0,0,0.020305923,0,0,4.7,3.95,1.76,0
542,FWD,7,0,0,0,0,0,0,1.392810348,0,0.007126782,4.7,3.95,1.76,0
543,MID,7,0,0,0,0,0,0,0.033656948,0,0,4.7,3.95,1.76,0
544,DEF,8,0,0,0,0,0,0,0.233922328,0,0,4.7,3.95,1.76,0
545,FWD,8,0,0,0,0,0,0,0.02319488,0,0,4.7,3.95,1.76,0
546,DEF,16,0,0,0,0,0,0,0.541043465,0,0.000250063,4.7,3.95,1.76,0
547,MID,20,0,0,0,0,0,0,0.090889215,0,0,4.7,3.95,1.76,0
548,MID,20,0,0,0,0,0,0,0.339268219,0,0,4.7,3.95,1.76,0
549,DEF,20,0,0,0,0,0,0,0.255131793,0,0,4.7,3.95,1.76,0
550,FWD,10,0,0,0,0,0,0,2.115988905,0,0.003750938,4.7,3.95,1.76,0
551,MID,10,0,0,0,0,1,1,0.069204202,0,0.000125031,4.7,3.95,1.76,0
552,MID,10,0,0,0,0,0,0,0.015883321,0,0,4.7,3.95,1.76,0
553,MID,11,0,0,0,0,0,0,0.018463172,0,0,4.7,3.95,1.76,0
554,DEF,19,0,0,0,0,0,0,0.2674485,0,0.000125031,4.7,3.95,1.76,0
555,DEF,13,0,0,12,2,2,2,4.42087758,2,0.002125531,4.7,3.95,1.76,2
556,GK,3,0,0,0,0,0,0,0.07041685,0,0,1.78,3.72,4.88,0
557,MID,18,0,0,0,0,0,1,0.013731464,0.5,0,1.78,3.72,4.88,1
558,MID,1,0,0,2,3,11,1,2.814331939,0.7,0.013378345,1.78,3.72,4.88,3
559,GK,1,0,0,0,6,9,3,3.715520204,1.5,0.09539885,1.78,3.72,4.88,6
560,DEF,4,0,0,0,0,0,0,0.190552301,0,0.000375094,1.78,3.72,4.88,0
561,GK,7,0,0,0,0,0,0,0.21302197,0,0.002750688,1.78,3.72,4.88,0
562,DEF,10,0,0,0,0,0,0,0.070618959,0,0.000125031,1.78,3.72,4.88,0
563,DEF,10,0,0,0,0,0,1,0.448870269,0,0.000500125,1.78,3.72,4.88,0
564,FWD,8,0,1,0,0,0,0,0.015395884,0,0,1.78,3.72,4.88,0
565,DEF,5,0,0,0,0,0,0,0.063723505,0,0.000125031,1.78,3.72,4.88,0
566,MID,12,0,0,0,0,0,0,0.003982719,0,0,1.78,3.72,4.88,0
567,DEF,16,0,0,0,0,0,0,0.013826574,0,0,1.78,3.72,4.88,0
568,FWD,2,0,0,0,0,0,1,1.174200683,0,0.003875969,1.78,3.72,4.88,1
569,DEF,3,0,0,0,0,0,0,0.251802953,0,0.000250063,1.78,3.72,4.88,0
570,DEF,8,0,0,0,0,0,0,0.013755242,0,0,1.78,3.72,4.88,0
571,GK,8,0,0,0,0,0,0,0.063568951,0,0.000500125,1.78,3.72,4.88,0
572,GK,1,0,0,0,0,0,0,0.125996586,0,0.000875219,1.78,3.72,4.88,0
573,GK,9,0,0,0,0,0,0,0.069881858,0,0.000375094,1.78,3.72,4.88,0
574,GK,18,0,0,0,0,0,0,0.75882092,0,0.001625406,1.78,3.72,4.88,0
575,MID,5,0,0,0,1,0,1,0.013137028,3.4,0,1.78,3.72,4.88,1
576,MID,10,0,0,0,0,0,0,0.012649591,0,0,1.78,3.72,4.88,0
577,FWD,10,0,0,0,0,0,0,0.303590189,0,0.001125281,1.78,3.72,4.88,0
578,MID,5,0,0,0,0,1,5,0.034679377,0,0,1.78,3.72,4.88,0
579,FWD,13,0,0,0,13,6,2,47.56979834,2.2,0.605151288,1.78,3.72,4.88,1
580,DEF,15,0,0,0,0,1,1,0.045866657,1.9,0,1.78,3.72,4.88,6
581,MID,15,0,0,0,0,5,2,0.113822544,9.6,0.000875219,1.78,3.72,4.88,2
582,MID,19,0,0,0,1,2,1,0.054747526,0,0.000125031,1.78,3.72,4.88,0
583,FWD,20,0,0,0,8,1,2,1.839148321,13.3,0.009377344,1.77,3.77,4.9,13
584,DEF,4,0,0,0,7,2,1,0.624573567,8,0.002375594,1.77,3.77,4.9,9
585,DEF,5,0,0,0,0,0,0,0.005896802,0,0,1.77,3.77,4.9,0
586,FWD,7,0,0,0,12,1,2,2.823236586,4.4,0.002500625,1.77,3.77,4.9,2
587,MID,9,0,0,0,1,1,3,0.066493575,1.8,0.000125031,1.77,3.77,4.9,2
588,DEF,17,0,0,0,1,1,1,0.206875505,6.6,0,1.77,3.77,4.9,2
589,MID,19,0,0,0,0,0,0,0.068467101,0,0,1.77,3.77,4.9,0
590,DEF,1,0,0,0,6,6,2,2.624314631,0.9,0.016754189,1.77,3.77,4.9,6
591,FWD,8,0,0,0,1,2,2,0.194190247,3.5,0.000875219,1.77,3.77,4.9,2
592,MID,6,0,0,0,1,0,0,0.172695453,0,0,1.77,3.77,4.9,0
593,GK,12,0,0,0,0,0,0,0.391114899,0,0.011752938,1.77,3.77,4.9,0
594,DEF,3,0,0,0,0,1,0,0.011532052,0.7,0,1.77,3.77,4.9,1
595,FWD,4,0,0,0,0,0,0,0.469223747,0,0.001625406,1.77,3.77,4.9,0
596,GK,2,0,0,0,0,0,0,0.050538921,0,0.000500125,1.77,3.77,4.9,0
597,MID,17,0,0,0,0,0,0,0.01155583,0,0,1.77,3.77,4.9,0
598,DEF,17,0,0,0,0,0,0,0.052809666,0,0,1.77,3.77,4.9,0
599,MID,14,0,0,0,0,0,0,0.062415746,0,0,1.77,3.77,4.9,0
600,MID,10,0,0,0,0,0,0,0.004149161,0,0,1.77,3.77,4.9,0
601,MID,10,0,0,0,0,0,0,0.004755485,0,0,1.77,3.77,4.9,0
602,FWD,8,0,0,0,0,0,0,0.112134346,0,0.000125031,1.77,3.77,4.9,0
603,DEF,12,0,0,0,0,0,0,0.018165954,0,0,1.77,3.77,4.9,0
604,DEF,12,0,0,0,0,0,0,0.039137645,0,0,1.77,3.77,4.9,0
605,MID,12,0,0,0,0,0,0,0.004600932,0,0,1.77,3.77,4.9,0
606,GK,6,0,0,0,0,0,0,0.010985171,0,0,1.77,3.77,4.9,0
607,FWD,8,0,0,0,0,0,1,0.156835909,0,0.000250063,1.77,3.77,4.9,1
608,DEF,10,0,0,0,0,0,0,0.006301018,0,0,1.77,3.77,4.9,0
609,MID,14,0,0,0,0,0,0,0.006312907,0,0,1.77,3.77,4.9,0
610,DEF,2,0,0,0,0,0,0,0.017416965,0,0.000125031,1.77,3.77,4.9,0
611,GK,20,0,0,0,0,0,0,0.05332088,0,0,1.77,3.77,4.9,0
612,MID,4,0,0,0,0,0,0,0,0,0,1.77,3.77,4.9,0
613,MID,8,0,0,0,0,0,0,0,0,0,1.77,3.77,4.9,0
